Setting logging level to INFO
2026-01-29 08:20:13.882-0500 | main | INFO  | Besu | Starting Besu
2026-01-29 08:20:14.441-0500 | main | INFO  | Besu | RPC HTTP JSON-RPC config: JsonRpcConfiguration{enabled=false, port=8545, host=127.0.0.1, corsAllowedDomains=[], hostsAllowlist=[localhost, 127.0.0.1], rpcApis=[ETH, NET, WEB3], authenticationEnabled=false, authenticationCredentialsFile=null, authenticationPublicKeyFile=null, tlsConfiguration=Optional.empty, httpTimeoutSec=30, maxActiveConnections=80, maxBatchSize=1024}
2026-01-29 08:20:14.445-0500 | main | WARN  | Besu | Forcing --bonsai-limit-trie-logs-enabled=false, since it cannot be enabled with --sync-mode=FULL and --data-storage-format=BONSAI.
2026-01-29 08:20:14.447-0500 | main | INFO  | Besu | Connecting to 0 static nodes.
2026-01-29 08:20:14.465-0500 | main | WARN  | Besu | Forcing price bump for transaction replacement to 0, since min-gas-price is set to 0
2026-01-29 08:20:14.466-0500 | main | WARN  | Besu | Forcing tx-pool-min-gas-price=0, since it cannot be greater than the value of min-gas-price
2026-01-29 08:20:14.490-0500 | main | INFO  | Besu | jemalloc library not found, memory usage may be reduced by installing it
2026-01-29 08:20:14.609-0500 | main | INFO  | Besu | 
####################################################################################################
#                                                                                                  #
# Besu version 25.11.0                                                                             #
#                                                                                                  #
# Configuration:                                                                                   #
# Network: Custom genesis file                                                                     #
# /home/unified/besublockchain/Nodes/Node-FCI-Boot/../../genesis.json                              #
# Network Id: 12345                                                                                #
# Profile: ENTERPRISE                                                                              #
# Data storage: Bonsai                                                                             #
# Sync mode: Full                                                                                  #
# Sync min peers: 5                                                                                #
# Using LAYERED transaction pool implementation                                                    #
# Using STACKED worldstate update mode                                                             #
# Opcode optimizations enabled                                                                     #
# Parallel transaction processing enabled                                                          #
# Target Gas Limit: 60M                                                                            #
#                                                                                                  #
# Host:                                                                                            #
# Java: openjdk-java-21                                                                            #
# Maximum heap size: 2.88 GB                                                                       #
# OS: linux-x86_64                                                                                 #
# glibc: 2.39                                                                                      #
# Total memory: 11.52 GB                                                                           #
# CPU cores: 16                                                                                    #
#                                                                                                  #
# Plugin Registration Summary:                                                                     #
# No plugins have been registered.                                                                 #
# TOTAL = 0 of 0 plugins successfully registered.                                                  #
#                                                                                                  #
####################################################################################################
2026-01-29 08:20:14.610-0500 | main | INFO  | Besu | Security Module: localfile
2026-01-29 08:20:14.611-0500 | main | INFO  | VersionMetadata | Lookup version metadata file in data directory: /home/unified/besublockchain/Nodes/Node-FCI-Boot/data
2026-01-29 08:20:14.660-0500 | main | INFO  | VersionMetadata | Existing version data detected. Besu version 25.11.0
2026-01-29 08:20:14.698-0500 | main | INFO  | Besu | Using the native implementation of alt bn128
2026-01-29 08:20:14.699-0500 | main | INFO  | Besu | Using the Java implementation of modexp
2026-01-29 08:20:14.700-0500 | main | INFO  | Besu | Using the native implementation of the signature algorithm
2026-01-29 08:20:14.702-0500 | main | INFO  | Besu | Using the native implementation of the blake2bf algorithm
2026-01-29 08:20:14.834-0500 | main | INFO  | Besu | Using the native BoringSSL implementation of p256verify
2026-01-29 08:20:14.922-0500 | main | WARN  | Besu | Forcing price bump for transaction replacement to 0, since min-gas-price is set to 0
2026-01-29 08:20:14.923-0500 | main | WARN  | Besu | Forcing tx-pool-min-gas-price=0, since it cannot be greater than the value of min-gas-price
2026-01-29 08:20:14.925-0500 | main | INFO  | KeyPairUtil | Attempting to load public key from /home/unified/besublockchain/Nodes/Node-FCI-Boot/data/key
2026-01-29 08:20:14.954-0500 | main | INFO  | KeyPairUtil | Loaded public key 0x2b537a3522b70de0fa139e6dacc7c727cf6aa5ecb86a07c86abcc2bde7efc85f9ef66d947c61bfddd8247b74ae53711c2f5bf8dfe17c269b6d72b53b16595963 from /home/unified/besublockchain/Nodes/Node-FCI-Boot/data/key
2026-01-29 08:20:15.073-0500 | main | INFO  | ProtocolScheduleBuilder | Protocol schedule created with milestones: [Berlin:0]
2026-01-29 08:20:15.075-0500 | main | INFO  | DatabaseMetadata | Lookup database metadata file in data directory: /home/unified/besublockchain/Nodes/Node-FCI-Boot/data
2026-01-29 08:20:15.103-0500 | main | INFO  | RocksDBKeyValueStorageFactory | Existing database at /home/unified/besublockchain/Nodes/Node-FCI-Boot/data. Metadata versionedStorageFormat=BaseVersionedStorageFormat{format=BONSAI, version=3}. Processing WAL...
2026-01-29 08:20:15.496-0500 | main | INFO  | FlatDbStrategyProvider | Flat db mode found FULL
2026-01-29 08:20:15.503-0500 | main | INFO  | FlatDbStrategyProvider | DB mode with code stored using code hash enabled = true
2026-01-29 08:20:15.521-0500 | main | INFO  | FlatDbStrategyProvider | Flat db mode found FULL
2026-01-29 08:20:15.521-0500 | main | INFO  | FlatDbStrategyProvider | DB mode with code stored using code hash enabled = true
2026-01-29 08:20:15.644-0500 | main | INFO  | TransactionPoolFactory | Enabling transaction pool
2026-01-29 08:20:15.664-0500 | main | INFO  | BesuControllerBuilder | QBFT is configured, creating initial sync for BFT
2026-01-29 08:20:15.665-0500 | main | INFO  | BFTPivotSelectorFromPeers | Creating pivot block selector for BFT node
2026-01-29 08:20:15.708-0500 | main | INFO  | RunnerBuilder | Resolved 0 bootnodes.
2026-01-29 08:20:15.717-0500 | main | INFO  | RunnerBuilder | Detecting NAT service.
2026-01-29 08:20:15.794-0500 | main | INFO  | Runner | Starting external services ... 
2026-01-29 08:20:15.795-0500 | main | INFO  | MetricsHttpService | Starting metrics http service on 0.0.0.0:9545
2026-01-29 08:20:15.824-0500 | main | INFO  | AutoTransactionLogBloomCachingService | Starting auto transaction log bloom caching service.
2026-01-29 08:20:15.825-0500 | main | INFO  | LogBloomCacheMetadata | Lookup cache metadata file in data directory: /home/unified/besublockchain/Nodes/Node-FCI-Boot/data/caches
2026-01-29 08:20:15.836-0500 | main | INFO  | Runner | Starting Ethereum main loop ... 
2026-01-29 08:20:15.836-0500 | main | INFO  | NatService | No NAT environment detected so no service could be started
2026-01-29 08:20:15.837-0500 | main | INFO  | NetworkRunner | Starting Network.
2026-01-29 08:20:15.914-0500 | nioEventLoopGroup-2-1 | INFO  | RlpxAgent | P2P RLPx agent started and listening on /[0:0:0:0:0:0:0:0]:30303.
2026-01-29 08:20:15.914-0500 | main | INFO  | PeerDiscoveryAgent | Starting peer discovery agent on host=0.0.0.0, port=30303. IPv6 available.
2026-01-29 08:20:15.931-0500 | vert.x-eventloop-thread-1 | INFO  | VertxPeerDiscoveryAgent | Started peer discovery agent successfully, on effective host=0:0:0:0:0:0:0:0 and port=30303
2026-01-29 08:20:15.933-0500 | vert.x-eventloop-thread-1 | INFO  | PeerDiscoveryAgent | P2P peer discovery agent started and listening on /[0:0:0:0:0:0:0:0]:30303
2026-01-29 08:20:15.966-0500 | vert.x-eventloop-thread-1 | INFO  | PeerDiscoveryAgent | Writing node record to disk. NodeRecord{seq=3, publicKey=0x032b537a3522b70de0fa139e6dacc7c727cf6aa5ecb86a07c86abcc2bde7efc85f, udpAddress=Optional[/0.0.0.0:30303], tcpAddress=Optional[/0.0.0.0:30303], udp6Address=Optional.empty, tcp6Address=Optional.empty, asBase64=-Je4QC6KIy3hQ0SSJ2MyYcv0ZBzSJHq2x2flolSd_fpfxav3DYsS3xCOwNtvithRdjstPqzJ0wzKNb4BZ3E3blqrl2QDg2V0aMfGhHgXe9aAgmlkgnY0gmlwhAAAAACJc2VjcDI1NmsxoQMrU3o1IrcN4PoTnm2sx8cnz2ql7LhqB8hqvMK95-_IX4N0Y3CCdl-DdWRwgnZf, nodeId=0x9fb353ec55e4384d9ea3d769e7a0530327cd0853b43672e0c97ff644dfb737ab, customFields={tcp=30303, udp=30303, eth=[[0x78177bd6, 0x]], id=V4, ip=0x00000000, secp256k1=0x032b537a3522b70de0fa139e6dacc7c727cf6aa5ecb86a07c86abcc2bde7efc85f}}
2026-01-29 08:20:15.975-0500 | main | INFO  | DefaultP2PNetwork | Enode URL enode://2b537a3522b70de0fa139e6dacc7c727cf6aa5ecb86a07c86abcc2bde7efc85f9ef66d947c61bfddd8247b74ae53711c2f5bf8dfe17c269b6d72b53b16595963@0.0.0.0:30303
2026-01-29 08:20:15.975-0500 | main | INFO  | DefaultP2PNetwork | Node address 0xe7a0530327cd0853b43672e0c97ff644dfb737ab
2026-01-29 08:20:15.981-0500 | main | INFO  | NetworkRunner | Supported capabilities: [eth/68, eth/69], [istanbul/100], [snap/1]
2026-01-29 08:20:15.981-0500 | main | INFO  | DefaultSynchronizer | Starting synchronizer.
2026-01-29 08:20:15.985-0500 | main | INFO  | TransactionPoolFactory | Enabling transaction handling following initial sync
2026-01-29 08:20:15.985-0500 | main | INFO  | BftMiningCoordinator | Starting BFT mining coordinator following initial sync
2026-01-29 08:20:16.108-0500 | main | INFO  | FullSyncDownloader | Starting full sync.
2026-01-29 08:20:16.109-0500 | main | INFO  | FullSyncTargetManager | Unable to find sync target. Waiting for 5 peers minimum. Currently checking 0 peers for usefulness
2026-01-29 08:20:16.111-0500 | main | INFO  | Runner | Ethereum main loop is up.
2026-01-29 08:21:16.436-0500 | EthScheduler-Workers-0 | INFO  | PersistBlockTask | Imported empty block #1,800 / 0 tx / 0 om / 0 (0.0%) gas / (0x55504706b1e1c036e25cea746e2d4057acc8a3cd840cba73f8a5771e872e0049) in 0.025s. Peers: 3
2026-01-29 08:21:21.131-0500 | EthScheduler-Workers-0 | INFO  | PersistBlockTask | Imported empty block #1,801 / 0 tx / 0 om / 0 (0.0%) gas / (0x24698b6aa580033599ef88680e78a600e0907f4772c081afe2a7fe706fc50653) in 0.007s. Peers: 3
2026-01-29 08:21:26.040-0500 | EthScheduler-Workers-0 | INFO  | PersistBlockTask | Imported empty block #1,802 / 0 tx / 0 om / 0 (0.0%) gas / (0xb132d4808d449d9917cc6dd73327d637e579e95a9430dc52c89063feac279d06) in 0.005s. Peers: 3
2026-01-29 08:21:31.097-0500 | EthScheduler-Workers-0 | INFO  | PersistBlockTask | Imported empty block #1,803 / 0 tx / 0 om / 0 (0.0%) gas / (0xa1b1c008d9143cf9f3b95bb3dddec92b10e536867e7510f0ce4e0cb001a59cd4) in 0.004s. Peers: 4
2026-01-29 08:21:36.030-0500 | EthScheduler-Workers-0 | INFO  | PersistBlockTask | Imported empty block #1,804 / 0 tx / 0 om / 0 (0.0%) gas / (0x9fdaaee5fe83987e2e901630a83fa0919034de9715536fdbf3817771b48dd1af) in 0.002s. Peers: 4
2026-01-29 08:21:41.030-0500 | EthScheduler-Workers-0 | INFO  | PersistBlockTask | Imported empty block #1,805 / 0 tx / 0 om / 0 (0.0%) gas / (0xc9d9b7dd595541826cb506469c79fcbfcd5e194b1e8c08576891dd87423a7dd2) in 0.003s. Peers: 5
2026-01-29 08:21:46.030-0500 | EthScheduler-Workers-0 | INFO  | PersistBlockTask | Imported empty block #1,806 / 0 tx / 0 om / 0 (0.0%) gas / (0xfef9a970b24cdfc644e2e84d6e8b30aad1aa9ce1b6c3dbc1361b1f5efa38b80c) in 0.003s. Peers: 6
2026-01-29 08:21:51.039-0500 | EthScheduler-Workers-0 | INFO  | PersistBlockTask | Imported empty block #1,807 / 0 tx / 0 om / 0 (0.0%) gas / (0xb3c755fa3b6cbcf973be554315263a39f1d2e56f998dd93b5b9018bb26715d17) in 0.003s. Peers: 7
2026-01-29 08:21:56.032-0500 | EthScheduler-Workers-0 | INFO  | PersistBlockTask | Imported empty block #1,808 / 0 tx / 0 om / 0 (0.0%) gas / (0xb442f9693e2c3fedbdf2e6b69f15d815bb11dde13f260a8d40e899c252aba218) in 0.004s. Peers: 6
2026-01-29 08:22:01.091-0500 | EthScheduler-Workers-0 | INFO  | PersistBlockTask | Imported empty block #1,809 / 0 tx / 0 om / 0 (0.0%) gas / (0x77ab766ad97e476a4446e5146057a96dd9a920abb940d8cf1d50a8a23d92be73) in 0.010s. Peers: 5
2026-01-29 08:22:06.047-0500 | EthScheduler-Workers-0 | INFO  | PersistBlockTask | Imported empty block #1,810 / 0 tx / 0 om / 0 (0.0%) gas / (0xb67772de6fbb15d9c8ffca90b51be0cc0988f3461c778edff37e8c90722c0e81) in 0.004s. Peers: 5
2026-01-29 08:22:11.072-0500 | EthScheduler-Workers-0 | INFO  | PersistBlockTask | Imported empty block #1,811 / 0 tx / 0 om / 0 (0.0%) gas / (0x9da22b2642a9357a113e450448ef92c58b84db0bc130b60f8d5a32837337f7f1) in 0.012s. Peers: 5
2026-01-29 08:22:16.037-0500 | EthScheduler-Workers-0 | INFO  | PersistBlockTask | Imported empty block #1,812 / 0 tx / 0 om / 0 (0.0%) gas / (0x977d68e96643e7d7d27dc334d28bc55a22c0d17f0243e6261872e5a4e133de2c) in 0.003s. Peers: 5
2026-01-29 08:22:21.065-0500 | EthScheduler-Workers-0 | INFO  | PersistBlockTask | Imported empty block #1,813 / 0 tx / 0 om / 0 (0.0%) gas / (0x7fa95b83b7d540add48a22f02f3d7d1f8a01c58ea67938dd6391639094fa296c) in 0.009s. Peers: 7
2026-01-29 08:22:26.073-0500 | EthScheduler-Workers-0 | INFO  | PersistBlockTask | Imported empty block #1,814 / 0 tx / 0 om / 0 (0.0%) gas / (0xdbee63b629de48cb9072db4deb94ca72f4fdd1d144cfefb02c3e326daa75dcee) in 0.011s. Peers: 7
2026-01-29 08:22:31.055-0500 | EthScheduler-Workers-0 | INFO  | PersistBlockTask | Imported empty block #1,815 / 0 tx / 0 om / 0 (0.0%) gas / (0x1601c7f8d6503d81105e3ffd93be322c5620d222af18a5cf6c8e67884b20d69f) in 0.003s. Peers: 7
2026-01-29 08:22:36.027-0500 | EthScheduler-Workers-0 | INFO  | PersistBlockTask | Imported empty block #1,816 / 0 tx / 0 om / 0 (0.0%) gas / (0x88accb1bfa4d093ea892610f20a1a1318dc570a0dbc27fc4fbc7b626a4e3f230) in 0.004s. Peers: 7
2026-01-29 08:22:41.025-0500 | EthScheduler-Workers-0 | INFO  | PersistBlockTask | Imported empty block #1,817 / 0 tx / 0 om / 0 (0.0%) gas / (0x01fae46609db566d02be311cdd93e309124279463fdab6f4b2b48d7c21aac55a) in 0.003s. Peers: 7
2026-01-29 08:22:46.028-0500 | EthScheduler-Workers-0 | INFO  | PersistBlockTask | Imported empty block #1,818 / 0 tx / 0 om / 0 (0.0%) gas / (0x34e2f5256ec8910a719bb7731e85bba8fec0eeaf34348f2e7f0aed44221dbe58) in 0.006s. Peers: 7
2026-01-29 08:22:51.028-0500 | EthScheduler-Workers-0 | INFO  | PersistBlockTask | Imported empty block #1,819 / 0 tx / 0 om / 0 (0.0%) gas / (0xcd6b8a943a12a727aabd284c38380a3b295e2498895771e5b1d83210aeb8c866) in 0.004s. Peers: 7
2026-01-29 08:22:56.060-0500 | EthScheduler-Workers-0 | INFO  | PersistBlockTask | Imported empty block #1,820 / 0 tx / 0 om / 0 (0.0%) gas / (0x7583569a511f4204da4843ef1436811389c0976ab1dd5dad3177006becad9aa5) in 0.020s. Peers: 7
2026-01-29 08:23:01.105-0500 | EthScheduler-Workers-0 | INFO  | PersistBlockTask | Imported empty block #1,821 / 0 tx / 0 om / 0 (0.0%) gas / (0x21ff123c2ffd766384242ed65f69dde4059f8023e55f544c014e4c7a10a3587b) in 0.008s. Peers: 7
2026-01-29 08:23:06.030-0500 | EthScheduler-Workers-0 | INFO  | PersistBlockTask | Imported empty block #1,822 / 0 tx / 0 om / 0 (0.0%) gas / (0x91e867144151d1845e10e4e2855fe263d12da5f818de5014ce2f00734d11cf2b) in 0.004s. Peers: 7
2026-01-29 08:23:11.079-0500 | EthScheduler-Workers-0 | INFO  | PersistBlockTask | Imported empty block #1,823 / 0 tx / 0 om / 0 (0.0%) gas / (0x0c89860cab3e3e50fc5460b4deec5a269a7b26804ae9c7ed1f510cdabd96371b) in 0.009s. Peers: 7
2026-01-29 08:23:16.028-0500 | EthScheduler-Workers-0 | INFO  | PersistBlockTask | Imported empty block #1,824 / 0 tx / 0 om / 0 (0.0%) gas / (0xeb96ea17b68bd6940a93ebf9541787f00e9fbd3507cdaa8954a7ce03340b2259) in 0.004s. Peers: 7
2026-01-29 08:23:21.039-0500 | EthScheduler-Workers-0 | INFO  | PersistBlockTask | Imported empty block #1,825 / 0 tx / 0 om / 0 (0.0%) gas / (0x72f4cd28223467583c53147d1d9f5273eac4cebff0604e772081d9705f1a0672) in 0.008s. Peers: 7
2026-01-29 08:23:26.034-0500 | EthScheduler-Workers-0 | INFO  | PersistBlockTask | Imported empty block #1,826 / 0 tx / 0 om / 0 (0.0%) gas / (0x1d22d08e713cc8488066817a5e682e232172766efb75d9136b0ebae334b97be0) in 0.006s. Peers: 7
2026-01-29 08:23:31.074-0500 | EthScheduler-Workers-0 | INFO  | PersistBlockTask | Imported empty block #1,827 / 0 tx / 0 om / 0 (0.0%) gas / (0xff2f39e919cbb562e481da822a862004551fd9d139d1ae0ecfb05a790d4dbea3) in 0.003s. Peers: 7
2026-01-29 08:23:36.054-0500 | EthScheduler-Workers-0 | INFO  | PersistBlockTask | Imported empty block #1,828 / 0 tx / 0 om / 0 (0.0%) gas / (0x8629681b0da07e30504dfa29ad9501e6e65298c25352c2d89b5cd03e0b7c470b) in 0.010s. Peers: 7
2026-01-29 08:23:41.048-0500 | EthScheduler-Workers-0 | INFO  | PersistBlockTask | Imported empty block #1,829 / 0 tx / 0 om / 0 (0.0%) gas / (0x060a12787d38be9dcfd6cdfaa0ad3bb85b2f2cd0983d673f7039d70d2ddff612) in 0.006s. Peers: 7
2026-01-29 08:23:46.036-0500 | EthScheduler-Workers-0 | INFO  | PersistBlockTask | Imported empty block #1,830 / 0 tx / 0 om / 0 (0.0%) gas / (0xd4bcdb1944194b6b7f37406cf4d47e686a8906c15ad04ccff67716f05f47cf87) in 0.005s. Peers: 7
2026-01-29 08:23:51.051-0500 | EthScheduler-Workers-0 | INFO  | PersistBlockTask | Imported empty block #1,831 / 0 tx / 0 om / 0 (0.0%) gas / (0x7efaf812cd3b247eb0f0e98c1d16e1056c8b4a733c835e0db6ce6e59be5155d3) in 0.009s. Peers: 7
2026-01-29 08:23:56.038-0500 | EthScheduler-Workers-0 | INFO  | PersistBlockTask | Imported empty block #1,832 / 0 tx / 0 om / 0 (0.0%) gas / (0xc8add3bac7f149c815f56e3487adecd6969fa0f8ba743b5fa120c0f1c093f07a) in 0.003s. Peers: 7
2026-01-29 08:24:01.115-0500 | EthScheduler-Workers-0 | INFO  | PersistBlockTask | Imported empty block #1,833 / 0 tx / 0 om / 0 (0.0%) gas / (0xa3c7cd84e0ecd67e0fff0787ba5f25c18ea901a39ac8b6bbc8044841df4940f2) in 0.008s. Peers: 7
2026-01-29 08:24:06.030-0500 | EthScheduler-Workers-0 | INFO  | PersistBlockTask | Imported empty block #1,834 / 0 tx / 0 om / 0 (0.0%) gas / (0xced7df49842b62b0f98bf378c8b446f66076f4f3d3a737770ccc088677f8b3d6) in 0.004s. Peers: 7
2026-01-29 08:24:11.031-0500 | EthScheduler-Workers-0 | INFO  | PersistBlockTask | Imported empty block #1,835 / 0 tx / 0 om / 0 (0.0%) gas / (0x4fa7258e5cfaaa0e084c85d47423812ef7d7dc5a00aa0b271a7e5331d6a64180) in 0.004s. Peers: 7
2026-01-29 08:24:16.042-0500 | EthScheduler-Workers-0 | INFO  | PersistBlockTask | Imported empty block #1,836 / 0 tx / 0 om / 0 (0.0%) gas / (0x2f590220e0157d2199138a5cd9252f66fb75d13e0d7ab986fd9dc26e4acad92b) in 0.004s. Peers: 7
2026-01-29 08:24:21.031-0500 | EthScheduler-Workers-0 | INFO  | PersistBlockTask | Imported empty block #1,837 / 0 tx / 0 om / 0 (0.0%) gas / (0x102d21ec3cbe3ac1ff8763276a8e13b6d8a619d0e8ad556f1cd1a63e8ca753d4) in 0.003s. Peers: 7
2026-01-29 08:24:26.038-0500 | EthScheduler-Workers-0 | INFO  | PersistBlockTask | Imported empty block #1,838 / 0 tx / 0 om / 0 (0.0%) gas / (0xf01b79c90982c2b4ff0c1d861bad8a5e01fdf8658a5c1aae20bca9ad2917a68b) in 0.005s. Peers: 7
2026-01-29 08:24:31.082-0500 | EthScheduler-Workers-0 | INFO  | PersistBlockTask | Imported empty block #1,839 / 0 tx / 0 om / 0 (0.0%) gas / (0xcff54d3b8e9600f28920713fca40c00300fc6f55036e9f85043ff019ae2c9684) in 0.004s. Peers: 7
2026-01-29 08:24:36.022-0500 | EthScheduler-Workers-0 | INFO  | PersistBlockTask | Imported empty block #1,840 / 0 tx / 0 om / 0 (0.0%) gas / (0xf520305432f49e746b34021daf96f73837bf436c4d46efff35a58aa53b7863e3) in 0.003s. Peers: 7
2026-01-29 08:24:41.025-0500 | EthScheduler-Workers-0 | INFO  | PersistBlockTask | Imported empty block #1,841 / 0 tx / 0 om / 0 (0.0%) gas / (0xb6cb521bcc99f4aba555cda80ac31ba366b86164263ebb538245926699a558b0) in 0.003s. Peers: 7
2026-01-29 08:24:46.030-0500 | EthScheduler-Workers-0 | INFO  | PersistBlockTask | Imported empty block #1,842 / 0 tx / 0 om / 0 (0.0%) gas / (0x988a42654b0bba75dfdc0b837c917b706cfe2cab00b7057222df16d82dd6ba3d) in 0.004s. Peers: 7
2026-01-29 08:24:51.021-0500 | EthScheduler-Workers-0 | INFO  | PersistBlockTask | Imported empty block #1,843 / 0 tx / 0 om / 0 (0.0%) gas / (0x8213972351df7b7aaccd3df8332519b664166e2c315cf18e61d53fc4d2781896) in 0.003s. Peers: 7
2026-01-29 08:24:56.045-0500 | EthScheduler-Workers-0 | INFO  | PersistBlockTask | Imported empty block #1,844 / 0 tx / 0 om / 0 (0.0%) gas / (0x4053448d5a76e790601c5e55ae1e252ea702f5d7cbbe4531ee015ae1b4c0e52f) in 0.008s. Peers: 7
2026-01-29 08:25:01.092-0500 | EthScheduler-Workers-0 | INFO  | PersistBlockTask | Imported empty block #1,845 / 0 tx / 0 om / 0 (0.0%) gas / (0xa202b54bb4f06ffcaeef18a69dd3b4bd921dd3c7a806571f58636fc979cf0183) in 0.009s. Peers: 7
2026-01-29 08:25:06.022-0500 | EthScheduler-Workers-0 | INFO  | PersistBlockTask | Imported empty block #1,846 / 0 tx / 0 om / 0 (0.0%) gas / (0x8a52f175cc9605ebf3d2bedbc7689d8acf69b1ae0d89b2522fbe1e4c13ddd183) in 0.006s. Peers: 7
2026-01-29 08:25:11.024-0500 | EthScheduler-Workers-0 | INFO  | PersistBlockTask | Imported empty block #1,847 / 0 tx / 0 om / 0 (0.0%) gas / (0xcb1b948aca13e3087dbc5f0301e6f556f58fa23b93ba398653882d0b9e7a086e) in 0.003s. Peers: 7
2026-01-29 08:25:16.023-0500 | EthScheduler-Workers-0 | INFO  | PersistBlockTask | Imported empty block #1,848 / 0 tx / 0 om / 0 (0.0%) gas / (0xe9d1d7fb076ed165427bce5c093895436cd15a3bfc894234d496f91e524b8a5a) in 0.003s. Peers: 7
2026-01-29 08:25:21.030-0500 | EthScheduler-Workers-0 | INFO  | PersistBlockTask | Imported empty block #1,849 / 0 tx / 0 om / 0 (0.0%) gas / (0x24102006668b60b23a40fc2ddaa63c47bcf84f63db84213ae333d6766858cab9) in 0.003s. Peers: 7
2026-01-29 08:25:26.029-0500 | EthScheduler-Workers-0 | INFO  | PersistBlockTask | Imported empty block #1,850 / 0 tx / 0 om / 0 (0.0%) gas / (0x7116d76d976c29773d4ab7e3b4fcc5ce633df7a7de2d2e8f02354c975d513f1a) in 0.003s. Peers: 7
2026-01-29 08:25:31.063-0500 | EthScheduler-Workers-0 | INFO  | PersistBlockTask | Imported empty block #1,851 / 0 tx / 0 om / 0 (0.0%) gas / (0x015ace3f0883cc86db4446d5254bec3cd487e4157b6547c25c4c2a29c1ed49de) in 0.003s. Peers: 7
2026-01-29 08:25:36.036-0500 | EthScheduler-Workers-0 | INFO  | PersistBlockTask | Imported empty block #1,852 / 0 tx / 0 om / 0 (0.0%) gas / (0xc5e1c39c56a3b0ba901c2a234b1b3aea5bc737c7eece3ce8c47ab0c141e0413d) in 0.006s. Peers: 7
2026-01-29 08:25:41.017-0500 | EthScheduler-Workers-0 | INFO  | PersistBlockTask | Imported empty block #1,853 / 0 tx / 0 om / 0 (0.0%) gas / (0x792a802f7d4c26b9f572b4c9537b6f2eb2bdbc3b51ed760ff68ce033323b1752) in 0.003s. Peers: 7
2026-01-29 08:25:46.035-0500 | EthScheduler-Workers-0 | INFO  | PersistBlockTask | Imported empty block #1,854 / 0 tx / 0 om / 0 (0.0%) gas / (0xce96253daedd02b38b4b620edb7a430d1819bb94f918e75b1db23569fbc20a44) in 0.005s. Peers: 7
2026-01-29 08:25:51.030-0500 | EthScheduler-Workers-0 | INFO  | PersistBlockTask | Imported empty block #1,855 / 0 tx / 0 om / 0 (0.0%) gas / (0xf094abc4a8bff723694a49dd099388b61c04b0541e27cc0f9d2c14e3add4062e) in 0.004s. Peers: 7
2026-01-29 08:25:56.049-0500 | EthScheduler-Workers-0 | INFO  | PersistBlockTask | Imported empty block #1,856 / 0 tx / 0 om / 0 (0.0%) gas / (0x18ac2717956bfeb81ce5208947cdd88c88e3d334e7a49d3ee7bf1c6dbf0b5118) in 0.007s. Peers: 7
2026-01-29 08:26:01.067-0500 | EthScheduler-Workers-0 | INFO  | PersistBlockTask | Imported empty block #1,857 / 0 tx / 0 om / 0 (0.0%) gas / (0xea543a12851601772ab83b5263678a588fd5c3282eece72527ca959ee94067b8) in 0.005s. Peers: 7
2026-01-29 08:26:06.025-0500 | EthScheduler-Workers-0 | INFO  | PersistBlockTask | Imported empty block #1,858 / 0 tx / 0 om / 0 (0.0%) gas / (0x2f1496bae8507f32816733207ce22a1ed926ab21cd312b2e087b558655051895) in 0.004s. Peers: 7
2026-01-29 08:26:11.050-0500 | EthScheduler-Workers-0 | INFO  | PersistBlockTask | Imported empty block #1,859 / 0 tx / 0 om / 0 (0.0%) gas / (0x34c2d3c2448cb7276eea0f5fc14d9230f76e97da3c50c77f4cd257b913f1f56f) in 0.008s. Peers: 7
2026-01-29 08:26:16.019-0500 | EthScheduler-Workers-0 | INFO  | PersistBlockTask | Imported empty block #1,860 / 0 tx / 0 om / 0 (0.0%) gas / (0xc8886d3c852df1f81c0fcb7777b46cd8425c6abdfef60266594a9f5eb4f0016c) in 0.003s. Peers: 7
2026-01-29 08:26:21.034-0500 | EthScheduler-Workers-0 | INFO  | PersistBlockTask | Imported empty block #1,861 / 0 tx / 0 om / 0 (0.0%) gas / (0x905fae96b2811875e7f9d55f08d5b61dd831e8916c982960dfcc7e3f1ed39771) in 0.003s. Peers: 7
2026-01-29 08:26:26.024-0500 | EthScheduler-Workers-0 | INFO  | PersistBlockTask | Imported empty block #1,862 / 0 tx / 0 om / 0 (0.0%) gas / (0xd5223f17ab26af66cb4fda74a6a6848883e7b5719257ae3b64353a71b536c499) in 0.003s. Peers: 7
2026-01-29 08:26:31.124-0500 | EthScheduler-Workers-0 | INFO  | PersistBlockTask | Imported empty block #1,863 / 0 tx / 0 om / 0 (0.0%) gas / (0x9767a1eaee681947fea03fec2537b2c1ddea34a7dfdd099e175369b804a73d3f) in 0.024s. Peers: 7
2026-01-29 08:26:36.033-0500 | EthScheduler-Workers-0 | INFO  | PersistBlockTask | Imported empty block #1,864 / 0 tx / 0 om / 0 (0.0%) gas / (0xd4ea28e41cd6ad61ebb0e358b2202c694114a3e75b0dabc87c13acf6a751d6bd) in 0.005s. Peers: 7
2026-01-29 08:26:41.030-0500 | EthScheduler-Workers-0 | INFO  | PersistBlockTask | Imported empty block #1,865 / 0 tx / 0 om / 0 (0.0%) gas / (0x3f8e0a4af8cdb9e4e2ac811497bdbff5b66c90a7169d7110c6ecb49ff2917e2e) in 0.003s. Peers: 7
2026-01-29 08:26:46.023-0500 | EthScheduler-Workers-0 | INFO  | PersistBlockTask | Imported empty block #1,866 / 0 tx / 0 om / 0 (0.0%) gas / (0x6c3a6b436c4cf9cb2f2aefd6fd14ec22798765e1b3ee3488ac18e5beb28cb885) in 0.002s. Peers: 7
2026-01-29 08:26:51.047-0500 | EthScheduler-Workers-0 | INFO  | PersistBlockTask | Imported empty block #1,867 / 0 tx / 0 om / 0 (0.0%) gas / (0x2c0aaa9a4b21a250355c6ca314cf6b31f5ef9aadcbb825a3b656fe005a2c471c) in 0.007s. Peers: 7
2026-01-29 08:26:56.029-0500 | EthScheduler-Workers-0 | INFO  | PersistBlockTask | Imported empty block #1,868 / 0 tx / 0 om / 0 (0.0%) gas / (0xe61ea888ffc78ba8577e3146a7394f9e7c4afa9ffb22de1e8feab83d375fb165) in 0.004s. Peers: 7
2026-01-29 08:27:01.100-0500 | EthScheduler-Workers-0 | INFO  | PersistBlockTask | Imported empty block #1,869 / 0 tx / 0 om / 0 (0.0%) gas / (0xe3903f724f74ebdec051e618ac6e0c0afed53b933270a9c4bcddae7545faca56) in 0.008s. Peers: 7
2026-01-29 08:27:06.021-0500 | EthScheduler-Workers-0 | INFO  | PersistBlockTask | Imported empty block #1,870 / 0 tx / 0 om / 0 (0.0%) gas / (0x436643d4f4f8f2dbb345fbef33ef005643ff9d6561578599b4fc18a9599f9e7b) in 0.003s. Peers: 7
2026-01-29 08:27:11.042-0500 | EthScheduler-Workers-0 | INFO  | PersistBlockTask | Imported empty block #1,871 / 0 tx / 0 om / 0 (0.0%) gas / (0xf30a8b500c61fe4da1ca321ef7ac9a67ded1dd9d9aec35e1015d8dc10f40a636) in 0.003s. Peers: 7
2026-01-29 08:27:16.046-0500 | EthScheduler-Workers-0 | INFO  | PersistBlockTask | Imported empty block #1,872 / 0 tx / 0 om / 0 (0.0%) gas / (0xa6dc765c829034969f131738811dfb6cd3058d36ef5ef030a45a1709bb302198) in 0.007s. Peers: 7
2026-01-29 08:27:21.055-0500 | EthScheduler-Workers-0 | INFO  | PersistBlockTask | Imported empty block #1,873 / 0 tx / 0 om / 0 (0.0%) gas / (0xcbf8d9ae8fa44f231f7c0e252497d2712b55f25f84bc017334a53f155787d39f) in 0.018s. Peers: 7
2026-01-29 08:27:26.029-0500 | EthScheduler-Workers-0 | INFO  | PersistBlockTask | Imported empty block #1,874 / 0 tx / 0 om / 0 (0.0%) gas / (0x661eeaef2305eee28ac19c6c621c87274d12d5e928e05bde0d5b38c0a9d2f8ff) in 0.004s. Peers: 7
2026-01-29 08:27:31.084-0500 | EthScheduler-Workers-0 | INFO  | PersistBlockTask | Imported empty block #1,875 / 0 tx / 0 om / 0 (0.0%) gas / (0xf103fb900334b52f1084f4e4d56a7f76a2af04736012dc78508a512c18bf73de) in 0.014s. Peers: 7
2026-01-29 08:27:36.025-0500 | EthScheduler-Workers-0 | INFO  | PersistBlockTask | Imported empty block #1,876 / 0 tx / 0 om / 0 (0.0%) gas / (0x161d588bf6db62bf2eaa06e20f9847f2c32a675b4f5a7758d3ea31032f1c3572) in 0.003s. Peers: 7
2026-01-29 08:27:41.023-0500 | EthScheduler-Workers-0 | INFO  | PersistBlockTask | Imported empty block #1,877 / 0 tx / 0 om / 0 (0.0%) gas / (0x0fdf2e77e5def80b058ac5acd8c658e61ac2813405e26f5a452da5c2e7d94538) in 0.005s. Peers: 7
2026-01-29 08:27:46.034-0500 | EthScheduler-Workers-0 | INFO  | PersistBlockTask | Imported empty block #1,878 / 0 tx / 0 om / 0 (0.0%) gas / (0x9c877360c6881f43b8eb6918663af0a5684a0c87e8099ff1c5fb09581ba2423e) in 0.003s. Peers: 7
2026-01-29 08:27:51.021-0500 | EthScheduler-Workers-0 | INFO  | PersistBlockTask | Imported empty block #1,879 / 0 tx / 0 om / 0 (0.0%) gas / (0xd7b3716c8db7fc2206c8737d1d4d6296db8ef9dc0e3620901c71f2ec949f0f51) in 0.003s. Peers: 7
2026-01-29 08:27:56.026-0500 | EthScheduler-Workers-0 | INFO  | PersistBlockTask | Imported empty block #1,880 / 0 tx / 0 om / 0 (0.0%) gas / (0x27f3d6c3a96ea9c31068f83f7b6c432023e318bf3cbcc03c0aa2b3f39ace2473) in 0.006s. Peers: 7
2026-01-29 08:28:01.083-0500 | EthScheduler-Workers-0 | INFO  | PersistBlockTask | Imported empty block #1,881 / 0 tx / 0 om / 0 (0.0%) gas / (0xcfab70eaf53d68c4915249d4914dc683c429d69d8e927594ae39e961b9a6a3d1) in 0.005s. Peers: 7
2026-01-29 08:28:06.052-0500 | EthScheduler-Workers-0 | INFO  | PersistBlockTask | Imported empty block #1,882 / 0 tx / 0 om / 0 (0.0%) gas / (0x7513717f1a6ec45f1208c8e604fa71a7c11cc838fa00f86cc1a3bb4be704c78a) in 0.008s. Peers: 7
2026-01-29 08:28:11.021-0500 | EthScheduler-Workers-0 | INFO  | PersistBlockTask | Imported empty block #1,883 / 0 tx / 0 om / 0 (0.0%) gas / (0x909c2c51f658c31b74b40ed750b56620989c62b201682aea2d74967d8fce9bbc) in 0.006s. Peers: 7
2026-01-29 08:28:16.052-0500 | EthScheduler-Workers-0 | INFO  | PersistBlockTask | Imported empty block #1,884 / 0 tx / 0 om / 0 (0.0%) gas / (0xd1d37ab66e07b88ac09aa92fed6765af9efa432fc7ce3e8c12068e1413f6368e) in 0.015s. Peers: 7
2026-01-29 08:28:21.028-0500 | EthScheduler-Workers-0 | INFO  | PersistBlockTask | Imported empty block #1,885 / 0 tx / 0 om / 0 (0.0%) gas / (0xdce589bb28e385cb502a752af52b46a1f120010619c3aa3ed85cbe47f047b620) in 0.004s. Peers: 7
2026-01-29 08:28:26.069-0500 | EthScheduler-Workers-0 | INFO  | PersistBlockTask | Imported empty block #1,886 / 0 tx / 0 om / 0 (0.0%) gas / (0xb60fa4fe01bc5face18bbb4e4c30e765a6c3628639cc88a35b0fc8df438578b4) in 0.011s. Peers: 7
2026-01-29 08:28:31.065-0500 | EthScheduler-Workers-0 | INFO  | PersistBlockTask | Imported empty block #1,887 / 0 tx / 0 om / 0 (0.0%) gas / (0x21df04ad07018ed451c0063ece1c22ed14684a53b4dbacb3ec610047abd7687f) in 0.002s. Peers: 7
2026-01-29 08:28:36.049-0500 | EthScheduler-Workers-0 | INFO  | PersistBlockTask | Imported empty block #1,888 / 0 tx / 0 om / 0 (0.0%) gas / (0x3b2ca03bb658583b7e33ee8fae9d27be524df002d8e6979d8d22c51d48fcbab3) in 0.008s. Peers: 7
2026-01-29 08:28:41.018-0500 | EthScheduler-Workers-0 | INFO  | PersistBlockTask | Imported empty block #1,889 / 0 tx / 0 om / 0 (0.0%) gas / (0x27a9e98506eef8ef2c8f1b653fa5013e55ea75e1e2c12cafaac95ea347b06090) in 0.002s. Peers: 7
2026-01-29 08:28:46.026-0500 | EthScheduler-Workers-0 | INFO  | PersistBlockTask | Imported empty block #1,890 / 0 tx / 0 om / 0 (0.0%) gas / (0xb2b29c00742c531b2237fd0f1915d5e78006ebb96ba8fcc26ee9ac4e67aed5a7) in 0.004s. Peers: 7
2026-01-29 08:28:51.024-0500 | EthScheduler-Workers-0 | INFO  | PersistBlockTask | Imported empty block #1,891 / 0 tx / 0 om / 0 (0.0%) gas / (0x37cb34a3093d166933b556086a46357da3e9b56eec29c6f3194c1b0d4ba00e59) in 0.003s. Peers: 7
2026-01-29 08:28:56.023-0500 | EthScheduler-Workers-0 | INFO  | PersistBlockTask | Imported empty block #1,892 / 0 tx / 0 om / 0 (0.0%) gas / (0x31287d7ed8fadeca33de8fa2e1696abfffef4c27df3bda2cf0bb6a1b66d95081) in 0.003s. Peers: 7
2026-01-29 08:29:01.082-0500 | EthScheduler-Workers-0 | INFO  | PersistBlockTask | Imported empty block #1,893 / 0 tx / 0 om / 0 (0.0%) gas / (0x27eedeaa68d0643089796a3d3ae5e3e30d333f9989b5243e5275771ad5ff28a9) in 0.004s. Peers: 7
2026-01-29 08:29:06.032-0500 | EthScheduler-Workers-0 | INFO  | PersistBlockTask | Imported empty block #1,894 / 0 tx / 0 om / 0 (0.0%) gas / (0x95839fbb26bef48dbb17eb9eb1c8335b4dbdbe5a849f054aa594a9e270d647ee) in 0.003s. Peers: 7
2026-01-29 08:29:11.019-0500 | EthScheduler-Workers-0 | INFO  | PersistBlockTask | Imported empty block #1,895 / 0 tx / 0 om / 0 (0.0%) gas / (0xadd80426a3e6f124cfc368d95f2b4cb5fd639c8b1f37388cffd318308b18d519) in 0.004s. Peers: 7
2026-01-29 08:29:16.026-0500 | EthScheduler-Workers-0 | INFO  | PersistBlockTask | Imported empty block #1,896 / 0 tx / 0 om / 0 (0.0%) gas / (0xc199318ba99f5aa2b8e2320449fb2c711d264b579406b1e822677773dbecb009) in 0.007s. Peers: 7
2026-01-29 08:29:21.026-0500 | EthScheduler-Workers-0 | INFO  | PersistBlockTask | Imported empty block #1,897 / 0 tx / 0 om / 0 (0.0%) gas / (0x7d7ecaa82b9b963b4fe726c699d3302247222436f451e26cdd600fe2955ad95a) in 0.003s. Peers: 7
2026-01-29 08:29:26.019-0500 | EthScheduler-Workers-0 | INFO  | PersistBlockTask | Imported empty block #1,898 / 0 tx / 0 om / 0 (0.0%) gas / (0x32a4ae3e469c89bb263fa6480a2f0e3fa3a3ecbd15cef02484fbb018b7846770) in 0.002s. Peers: 7
2026-01-29 08:29:31.083-0500 | EthScheduler-Workers-0 | INFO  | PersistBlockTask | Imported empty block #1,899 / 0 tx / 0 om / 0 (0.0%) gas / (0x48cf1a15f82b424c1096360503c8b5d77b11dd55f44d007bed48bb1213747174) in 0.005s. Peers: 7
2026-01-29 08:29:36.048-0500 | EthScheduler-Workers-0 | INFO  | PersistBlockTask | Imported empty block #1,900 / 0 tx / 0 om / 0 (0.0%) gas / (0x484071726136557719b9826c8e063ce8d4672dfe8d7d81f505bfb94884066092) in 0.007s. Peers: 7
2026-01-29 08:29:41.042-0500 | EthScheduler-Workers-0 | INFO  | PersistBlockTask | Imported empty block #1,901 / 0 tx / 0 om / 0 (0.0%) gas / (0x15fdda046206d2020a9f6d74a2de90c3fa6af9728048bd5a060bd2e8edfd1666) in 0.004s. Peers: 7
2026-01-29 08:29:46.039-0500 | EthScheduler-Workers-0 | INFO  | PersistBlockTask | Imported empty block #1,902 / 0 tx / 0 om / 0 (0.0%) gas / (0x24e3b37d631cc269015cfbc274f36393164a9337b72dc2c0548bd603afbe7497) in 0.007s. Peers: 7
2026-01-29 08:29:51.045-0500 | EthScheduler-Workers-0 | INFO  | PersistBlockTask | Imported empty block #1,903 / 0 tx / 0 om / 0 (0.0%) gas / (0x49a612a3cbb6014db89d8c6c311c76661a6f75023765fc0c6dfb952927c64535) in 0.006s. Peers: 7
2026-01-29 08:29:56.021-0500 | EthScheduler-Workers-0 | INFO  | PersistBlockTask | Imported empty block #1,904 / 0 tx / 0 om / 0 (0.0%) gas / (0xf239b6dfcf52c22706b198f4bebe523d30d031f75541d8f7dacfb205b1e21729) in 0.002s. Peers: 7
2026-01-29 08:30:01.091-0500 | EthScheduler-Workers-0 | INFO  | PersistBlockTask | Imported empty block #1,905 / 0 tx / 0 om / 0 (0.0%) gas / (0x78070ea289f1150c32abbcfde17dfdcd2d6fb65142cf67d1ca24d89c488ccdeb) in 0.011s. Peers: 7
2026-01-29 08:30:06.017-0500 | EthScheduler-Workers-0 | INFO  | PersistBlockTask | Imported empty block #1,906 / 0 tx / 0 om / 0 (0.0%) gas / (0x5e54c38fa7a820ece04f21e6bc361917d31307534d8dd16e95b1aa5d977080d0) in 0.002s. Peers: 7
2026-01-29 08:30:11.043-0500 | EthScheduler-Workers-0 | INFO  | PersistBlockTask | Imported empty block #1,907 / 0 tx / 0 om / 0 (0.0%) gas / (0xb967819bea9505e5b1efc65a3260b68341175e98fde8b35cdee2413b5482f087) in 0.010s. Peers: 7
2026-01-29 08:30:16.036-0500 | EthScheduler-Workers-0 | INFO  | PersistBlockTask | Imported empty block #1,908 / 0 tx / 0 om / 0 (0.0%) gas / (0x77885d47ff582404d643e4ef208d1427aea71c8521b39ff73b5c1b857e8209f6) in 0.008s. Peers: 7
2026-01-29 08:30:21.029-0500 | EthScheduler-Workers-0 | INFO  | PersistBlockTask | Imported empty block #1,909 / 0 tx / 0 om / 0 (0.0%) gas / (0xa8082f5feff9d359865e7b7abee8a424cf8a23e5f98628da4b2f44e82a9b286f) in 0.004s. Peers: 7
2026-01-29 08:30:26.022-0500 | EthScheduler-Workers-0 | INFO  | PersistBlockTask | Imported empty block #1,910 / 0 tx / 0 om / 0 (0.0%) gas / (0x8652513718b82f96b9d81399a4bff1ef6f48b8f956e39a616bb7f8f9770cdd03) in 0.002s. Peers: 7
2026-01-29 08:30:31.064-0500 | EthScheduler-Workers-0 | INFO  | PersistBlockTask | Imported empty block #1,911 / 0 tx / 0 om / 0 (0.0%) gas / (0xd76f1ffdb98ae714b4c106a8c0abbc11d77e5df2a2cdb584440808b7fe48d540) in 0.003s. Peers: 7
2026-01-29 08:30:36.018-0500 | EthScheduler-Workers-0 | INFO  | PersistBlockTask | Imported empty block #1,912 / 0 tx / 0 om / 0 (0.0%) gas / (0xc6f7d49645d57a8363810c5b81124063675aa33f215003b8b637e2bffbdc0020) in 0.002s. Peers: 7
2026-01-29 08:30:41.052-0500 | EthScheduler-Workers-0 | INFO  | PersistBlockTask | Imported empty block #1,913 / 0 tx / 0 om / 0 (0.0%) gas / (0x71475215890e39e9eee9af44915e462cbdc134709be37cb82ab958e42d9dd981) in 0.008s. Peers: 7
2026-01-29 08:30:46.028-0500 | EthScheduler-Workers-0 | INFO  | PersistBlockTask | Imported empty block #1,914 / 0 tx / 0 om / 0 (0.0%) gas / (0xecc12ec191ee984cd706f656a260a4e01911d537ed6cb25185682b81bec55d26) in 0.003s. Peers: 7
2026-01-29 08:30:51.022-0500 | EthScheduler-Workers-0 | INFO  | PersistBlockTask | Imported empty block #1,915 / 0 tx / 0 om / 0 (0.0%) gas / (0xd45d7eb2d9232d68c86b27b3fb511451ea3beca5875c3d43a6acf9198645d725) in 0.003s. Peers: 7
2026-01-29 08:30:56.024-0500 | EthScheduler-Workers-0 | INFO  | PersistBlockTask | Imported empty block #1,916 / 0 tx / 0 om / 0 (0.0%) gas / (0x9fd0881ea3fb05b91e1ce727b5ef754226bfa8637027d0451b453f023f8fe7d4) in 0.004s. Peers: 7
2026-01-29 08:31:01.090-0500 | EthScheduler-Workers-0 | INFO  | PersistBlockTask | Imported empty block #1,917 / 0 tx / 0 om / 0 (0.0%) gas / (0x4c1647cccff06761f6941edbe99a617f01ff3b692b3c99a5340fea146b5056c7) in 0.014s. Peers: 7
2026-01-29 08:31:06.022-0500 | EthScheduler-Workers-0 | INFO  | PersistBlockTask | Imported empty block #1,918 / 0 tx / 0 om / 0 (0.0%) gas / (0xf250b98f0ca227ef44c333cdfeeba7b438aae87211f99a5469c4bc7cc4242f72) in 0.003s. Peers: 7
2026-01-29 08:31:11.030-0500 | EthScheduler-Workers-0 | INFO  | PersistBlockTask | Imported empty block #1,919 / 0 tx / 0 om / 0 (0.0%) gas / (0x6610a996eec99f66687b28d4963aa6068a0f53462679a3b672009d32494d0d58) in 0.003s. Peers: 7
2026-01-29 08:31:16.027-0500 | EthScheduler-Workers-0 | INFO  | PersistBlockTask | Imported empty block #1,920 / 0 tx / 0 om / 0 (0.0%) gas / (0x870d79f78df928e55fab44db709fe39aaa3fe59cdd79323fb6056c8633d62aae) in 0.002s. Peers: 7
2026-01-29 08:31:21.016-0500 | EthScheduler-Workers-0 | INFO  | PersistBlockTask | Imported empty block #1,921 / 0 tx / 0 om / 0 (0.0%) gas / (0xa9d371b1250e4e723e38b81bcb394fde22cdddcee8876bb7c7fd95f8fcf131db) in 0.002s. Peers: 7
2026-01-29 08:31:26.022-0500 | EthScheduler-Workers-0 | INFO  | PersistBlockTask | Imported empty block #1,922 / 0 tx / 0 om / 0 (0.0%) gas / (0x6968619153b7fa07fd0b3ccbc4a35e932ec391d3101c61057ce0b7db366bbcde) in 0.004s. Peers: 7
2026-01-29 08:31:31.087-0500 | EthScheduler-Workers-0 | INFO  | PersistBlockTask | Imported empty block #1,923 / 0 tx / 0 om / 0 (0.0%) gas / (0x58a2ae7a533ae82952e755bbbae5f7360800f29acc811fa1548ef9be3157ea50) in 0.009s. Peers: 7
2026-01-29 08:31:36.020-0500 | EthScheduler-Workers-0 | INFO  | PersistBlockTask | Imported empty block #1,924 / 0 tx / 0 om / 0 (0.0%) gas / (0x953af7b8da4569950d095df50bde095ecbfff112e2d9bf0de8575fe9e2e7fd39) in 0.002s. Peers: 7
2026-01-29 08:31:41.037-0500 | EthScheduler-Workers-0 | INFO  | PersistBlockTask | Imported empty block #1,925 / 0 tx / 0 om / 0 (0.0%) gas / (0x97d44299a1160c46de352f85fa787df6441257fa70394b0c361503aaeeba8cba) in 0.009s. Peers: 7
2026-01-29 08:31:46.035-0500 | EthScheduler-Workers-0 | INFO  | PersistBlockTask | Imported empty block #1,926 / 0 tx / 0 om / 0 (0.0%) gas / (0x689d317cec628f45220dfd628612f707dacb6df60f5287a75df9bb170918d169) in 0.009s. Peers: 7
2026-01-29 08:31:51.033-0500 | EthScheduler-Workers-0 | INFO  | PersistBlockTask | Imported empty block #1,927 / 0 tx / 0 om / 0 (0.0%) gas / (0x7f319e2576872761aaa657122c2a525ae4f902a439a1bd992ffa960200eb59b2) in 0.005s. Peers: 7
2026-01-29 08:31:56.022-0500 | EthScheduler-Workers-0 | INFO  | PersistBlockTask | Imported empty block #1,928 / 0 tx / 0 om / 0 (0.0%) gas / (0x51646b4d678670aa4071fe64c2b37f80292e1de0d7896c713457350fd3e462f1) in 0.006s. Peers: 7
2026-01-29 08:32:01.071-0500 | EthScheduler-Workers-0 | INFO  | PersistBlockTask | Imported empty block #1,929 / 0 tx / 0 om / 0 (0.0%) gas / (0xbb68270892ffb5f592406471a8f8e049afefc045faacbe86b2c23bf660a4e735) in 0.003s. Peers: 7
2026-01-29 08:32:06.029-0500 | EthScheduler-Workers-0 | INFO  | PersistBlockTask | Imported empty block #1,930 / 0 tx / 0 om / 0 (0.0%) gas / (0x744c17bdd06e7fd05daed41f82711c4da9301a30d2e9c778189be80d426ea371) in 0.004s. Peers: 7
2026-01-29 08:32:11.023-0500 | EthScheduler-Workers-0 | INFO  | PersistBlockTask | Imported empty block #1,931 / 0 tx / 0 om / 0 (0.0%) gas / (0xcfc2afd79401a5603d268894661807be9774f0234940c5e185b14ed196bfd5d9) in 0.005s. Peers: 7
2026-01-29 08:32:16.030-0500 | EthScheduler-Workers-0 | INFO  | PersistBlockTask | Imported empty block #1,932 / 0 tx / 0 om / 0 (0.0%) gas / (0x6a931e5b89f3088ff8fb269d21aa63d058ae34c05e6c6b61e6caf89ef0eeadbf) in 0.003s. Peers: 7
2026-01-29 08:32:21.059-0500 | EthScheduler-Workers-0 | INFO  | PersistBlockTask | Imported empty block #1,933 / 0 tx / 0 om / 0 (0.0%) gas / (0xcd4eb9bb6bec27dbfc56b0c9b0ad4469ee846cf0c9b6f2563594735bcbcddba8) in 0.014s. Peers: 7
2026-01-29 08:32:26.031-0500 | EthScheduler-Workers-0 | INFO  | PersistBlockTask | Imported empty block #1,934 / 0 tx / 0 om / 0 (0.0%) gas / (0xd575a645b14eba7a84b61807ddad091e6b75052fa2ec577e61659d7d9d182585) in 0.004s. Peers: 7
2026-01-29 08:32:31.084-0500 | EthScheduler-Workers-0 | INFO  | PersistBlockTask | Imported empty block #1,935 / 0 tx / 0 om / 0 (0.0%) gas / (0x08c7391087a25ab35caf2302cf8d689184324e6adb71648439a26f38338e4e20) in 0.005s. Peers: 7
2026-01-29 08:32:36.020-0500 | EthScheduler-Workers-0 | INFO  | PersistBlockTask | Imported empty block #1,936 / 0 tx / 0 om / 0 (0.0%) gas / (0x39c994176ab1e4e58ab9c4fdd07d96294c686bdeae2a2097c61ff9e2e54dcbd6) in 0.005s. Peers: 7
2026-01-29 08:32:41.028-0500 | EthScheduler-Workers-0 | INFO  | PersistBlockTask | Imported empty block #1,937 / 0 tx / 0 om / 0 (0.0%) gas / (0xd3407e8d2d9aaa41ed376fffefc5a64c5efbc87f3631b2be7d3fe835939a7a1a) in 0.004s. Peers: 7
2026-01-29 08:32:46.016-0500 | EthScheduler-Workers-0 | INFO  | PersistBlockTask | Imported empty block #1,938 / 0 tx / 0 om / 0 (0.0%) gas / (0xefef9ae36ce1d5399a78dd429cd43bf82871651001593c6d668475d6002dfdee) in 0.003s. Peers: 7
2026-01-29 08:32:51.017-0500 | EthScheduler-Workers-0 | INFO  | PersistBlockTask | Imported empty block #1,939 / 0 tx / 0 om / 0 (0.0%) gas / (0x35ff62b9015b0da9f3fd55623860e2418efacd1b51c7c40d34b9514f841f66dd) in 0.003s. Peers: 7
2026-01-29 08:32:56.016-0500 | EthScheduler-Workers-0 | INFO  | PersistBlockTask | Imported empty block #1,940 / 0 tx / 0 om / 0 (0.0%) gas / (0xeaff7551009280da0872d7c9117ae1e9fd2fc6c9ca57b054c53b64d30eb236ff) in 0.003s. Peers: 7
2026-01-29 08:33:01.091-0500 | EthScheduler-Workers-0 | INFO  | PersistBlockTask | Imported empty block #1,941 / 0 tx / 0 om / 0 (0.0%) gas / (0x99c8aed953813feb85f5fc1f8b0399227d920c448d8a6190b28b79a886c8077c) in 0.009s. Peers: 7
2026-01-29 08:33:06.038-0500 | EthScheduler-Workers-0 | INFO  | PersistBlockTask | Imported empty block #1,942 / 0 tx / 0 om / 0 (0.0%) gas / (0x009c37e3712bc9804c79656ea4deec9ac33cf84fe12bf9a6f81c7f2f5681f374) in 0.007s. Peers: 7
2026-01-29 08:33:11.019-0500 | EthScheduler-Workers-0 | INFO  | PersistBlockTask | Imported empty block #1,943 / 0 tx / 0 om / 0 (0.0%) gas / (0x2d2dc963f5be383d5a72c85c303502a9b02ccac3c52b2a1bb35e944dfe465752) in 0.003s. Peers: 7
2026-01-29 08:33:16.033-0500 | EthScheduler-Workers-0 | INFO  | PersistBlockTask | Imported empty block #1,944 / 0 tx / 0 om / 0 (0.0%) gas / (0xe3d215224b946794dba1fbbe7d259c7c158caefa15a06d69180fb76a522759a6) in 0.004s. Peers: 7
2026-01-29 08:33:21.028-0500 | EthScheduler-Workers-0 | INFO  | PersistBlockTask | Imported empty block #1,945 / 0 tx / 0 om / 0 (0.0%) gas / (0x26f65d097d7aab3b8eabb169bfdcc9959850f733850f22efb3ecd19f1ada1042) in 0.005s. Peers: 7
2026-01-29 08:33:26.024-0500 | EthScheduler-Workers-0 | INFO  | PersistBlockTask | Imported empty block #1,946 / 0 tx / 0 om / 0 (0.0%) gas / (0x5fe7df24c99d4e712a0ce8ecf4ad66b9c913be54d575335800f9d8ca0742a803) in 0.006s. Peers: 7
2026-01-29 08:33:31.055-0500 | EthScheduler-Workers-0 | INFO  | PersistBlockTask | Imported empty block #1,947 / 0 tx / 0 om / 0 (0.0%) gas / (0x395576b636b4de4eb9acc7c9893fe9a9df886503823c813f3bc5f343bb4793e6) in 0.003s. Peers: 7
2026-01-29 08:33:36.017-0500 | EthScheduler-Workers-0 | INFO  | PersistBlockTask | Imported empty block #1,948 / 0 tx / 0 om / 0 (0.0%) gas / (0xbd268f4c41e43672ed8d09f292b5258fefd258b2ceb32fcb71389c33f3ffadbc) in 0.003s. Peers: 7
2026-01-29 08:33:41.018-0500 | EthScheduler-Workers-0 | INFO  | PersistBlockTask | Imported empty block #1,949 / 0 tx / 0 om / 0 (0.0%) gas / (0xe18fc88dafdf4f725b264f49471b588037261bcf8562a4f44eec189a190f4bc5) in 0.004s. Peers: 7
2026-01-29 08:33:46.026-0500 | EthScheduler-Workers-0 | INFO  | PersistBlockTask | Imported empty block #1,950 / 0 tx / 0 om / 0 (0.0%) gas / (0x221bcf6ba14821941d34c42db9ad557769db9ce7375a9aa0a78fc07b710543ec) in 0.006s. Peers: 7
2026-01-29 08:33:51.047-0500 | EthScheduler-Workers-0 | INFO  | PersistBlockTask | Imported empty block #1,951 / 0 tx / 0 om / 0 (0.0%) gas / (0x47dd3c47614ecf164f6987d4904936378fd496dbf778555814992e21b193fcb7) in 0.009s. Peers: 7
2026-01-29 08:33:56.034-0500 | EthScheduler-Workers-0 | INFO  | PersistBlockTask | Imported empty block #1,952 / 0 tx / 0 om / 0 (0.0%) gas / (0xdfb6c15b2e09a12dfa1480b142e28258c4f8229a39ccbb44d29089478757f73c) in 0.006s. Peers: 7
2026-01-29 08:34:01.091-0500 | EthScheduler-Workers-0 | INFO  | PersistBlockTask | Imported empty block #1,953 / 0 tx / 0 om / 0 (0.0%) gas / (0x16a03875bce957ec63da34fdcd95fa1ab3042796e0c98706733b0509b32b12c9) in 0.010s. Peers: 7
2026-01-29 08:34:06.049-0500 | EthScheduler-Workers-0 | INFO  | PersistBlockTask | Imported empty block #1,954 / 0 tx / 0 om / 0 (0.0%) gas / (0x5b2b7ca2fb5323b1e80b1ae4da36c3d34bf48ba9fe9c90f59da57168d6eaa829) in 0.007s. Peers: 7
2026-01-29 08:34:11.023-0500 | EthScheduler-Workers-0 | INFO  | PersistBlockTask | Imported empty block #1,955 / 0 tx / 0 om / 0 (0.0%) gas / (0x192e2d37aba67a4743309e20947c5ec5a35aa08265f77a944dd91afbf82a6bf4) in 0.003s. Peers: 7
2026-01-29 08:34:16.053-0500 | EthScheduler-Workers-0 | INFO  | PersistBlockTask | Imported empty block #1,956 / 0 tx / 0 om / 0 (0.0%) gas / (0x83e5fa5f68a0e3b9d20f354d2d2d99c11d42c3f8a737f1cc2a192f0c3aae0ce2) in 0.013s. Peers: 7
2026-01-29 08:34:21.022-0500 | EthScheduler-Workers-0 | INFO  | PersistBlockTask | Imported empty block #1,957 / 0 tx / 0 om / 0 (0.0%) gas / (0x5935317c2eece4a42dac342829d406e9f22b9b90845673ed36993476aaf9cc3e) in 0.004s. Peers: 7
2026-01-29 08:34:26.021-0500 | EthScheduler-Workers-0 | INFO  | PersistBlockTask | Imported empty block #1,958 / 0 tx / 0 om / 0 (0.0%) gas / (0x98b6a2d15354b36104ae22d2701efb9d86d8d5623d271c639f75bf1b30bd0862) in 0.003s. Peers: 7
2026-01-29 08:34:31.081-0500 | EthScheduler-Workers-0 | INFO  | PersistBlockTask | Imported empty block #1,959 / 0 tx / 0 om / 0 (0.0%) gas / (0x7321f8b9def944c2f92cc8d005cf63820c227895e3e9d2a66e757f6a59b7d7ea) in 0.002s. Peers: 7
2026-01-29 08:34:36.016-0500 | EthScheduler-Workers-0 | INFO  | PersistBlockTask | Imported empty block #1,960 / 0 tx / 0 om / 0 (0.0%) gas / (0x37ca84443ece71c474c6595dba6ba3a5a70d96ae62747afe89a7112db15e90d8) in 0.002s. Peers: 7
2026-01-29 08:34:41.019-0500 | EthScheduler-Workers-0 | INFO  | PersistBlockTask | Imported empty block #1,961 / 0 tx / 0 om / 0 (0.0%) gas / (0x2f6bddd1f714ef3d60c6992496d79fc17f34d8a06d4cc8f1f73cfb454930b924) in 0.003s. Peers: 7
2026-01-29 08:34:46.017-0500 | EthScheduler-Workers-0 | INFO  | PersistBlockTask | Imported empty block #1,962 / 0 tx / 0 om / 0 (0.0%) gas / (0x0e85436db185214cb6d7ff1f844287604a8b4a0457ec81fb0750ff49664aacd5) in 0.002s. Peers: 7
2026-01-29 08:34:51.019-0500 | EthScheduler-Workers-0 | INFO  | PersistBlockTask | Imported empty block #1,963 / 0 tx / 0 om / 0 (0.0%) gas / (0xc8373267a45d03ea31a2b9be9bc311765ce609060c9575b41be9b6d0f6c39a9d) in 0.004s. Peers: 7
2026-01-29 08:34:56.023-0500 | EthScheduler-Workers-0 | INFO  | PersistBlockTask | Imported empty block #1,964 / 0 tx / 0 om / 0 (0.0%) gas / (0x398c08e3fb2b436a6bd4c8658f4bce8e00f39f51cdfb9426586ebf1f8394efcd) in 0.005s. Peers: 7
2026-01-29 08:35:01.050-0500 | EthScheduler-Workers-0 | INFO  | PersistBlockTask | Imported empty block #1,965 / 0 tx / 0 om / 0 (0.0%) gas / (0x284d8aef9aa8bba57522a399be640a05c3ae2bfd210e6f424abc30d9b3ef997e) in 0.003s. Peers: 7
2026-01-29 08:35:06.018-0500 | EthScheduler-Workers-0 | INFO  | PersistBlockTask | Imported empty block #1,966 / 0 tx / 0 om / 0 (0.0%) gas / (0x197253b1f3c41a799ca7823f61723217ccc2837920d66712aef064007086932d) in 0.002s. Peers: 7
2026-01-29 08:35:11.040-0500 | EthScheduler-Workers-0 | INFO  | PersistBlockTask | Imported empty block #1,967 / 0 tx / 0 om / 0 (0.0%) gas / (0xe4e307ce6abf9f06547b88aeec4878c60ab2fe9509ee7d677d14a051cd221709) in 0.007s. Peers: 7
2026-01-29 08:35:16.037-0500 | EthScheduler-Workers-0 | INFO  | PersistBlockTask | Imported empty block #1,968 / 0 tx / 0 om / 0 (0.0%) gas / (0x63d566417ad04cbb6680ef5a2e8f25f147b987a600517b11dd553e5a786a898b) in 0.010s. Peers: 7
2026-01-29 08:35:21.023-0500 | EthScheduler-Workers-0 | INFO  | PersistBlockTask | Imported empty block #1,969 / 0 tx / 0 om / 0 (0.0%) gas / (0x21c28d2688d965d4e275acbb099e2859b2fbe5d35b33a7779b17494d95fdc096) in 0.004s. Peers: 7
2026-01-29 08:35:26.021-0500 | EthScheduler-Workers-0 | INFO  | PersistBlockTask | Imported empty block #1,970 / 0 tx / 0 om / 0 (0.0%) gas / (0x128452b1d81e6c567b2c6d93cb6b264fd6ed51bfed0930030e67998a669ba03f) in 0.005s. Peers: 7
2026-01-29 08:35:31.094-0500 | EthScheduler-Workers-0 | INFO  | PersistBlockTask | Imported empty block #1,971 / 0 tx / 0 om / 0 (0.0%) gas / (0xa230bcef7872d25f493074f623bd77a10593e32b6002a018d10eb7d50b593ccb) in 0.005s. Peers: 7
2026-01-29 08:35:36.027-0500 | EthScheduler-Workers-0 | INFO  | PersistBlockTask | Imported empty block #1,972 / 0 tx / 0 om / 0 (0.0%) gas / (0xc3b742f322a5034bb28d73c72a19f807f503f8a9822394f7f434f5ff839cbea0) in 0.004s. Peers: 7
2026-01-29 08:35:41.016-0500 | EthScheduler-Workers-0 | INFO  | PersistBlockTask | Imported empty block #1,973 / 0 tx / 0 om / 0 (0.0%) gas / (0x662ee49538ea40a13c2ceb37ef16717e23568380f7ffac747467e3d82b1eaf6d) in 0.002s. Peers: 7
2026-01-29 08:35:46.040-0500 | EthScheduler-Workers-0 | INFO  | PersistBlockTask | Imported empty block #1,974 / 0 tx / 0 om / 0 (0.0%) gas / (0x8ca987f7e791a8b4894d18b3ef4bd190e7a5b223593482f00d6eec65538c88b1) in 0.007s. Peers: 7
2026-01-29 08:35:51.048-0500 | EthScheduler-Workers-0 | INFO  | PersistBlockTask | Imported empty block #1,975 / 0 tx / 0 om / 0 (0.0%) gas / (0x7078f333255d04367d5dc7b92c9d4af27309dc52c2ae8ca6f2c5f98260e7178a) in 0.009s. Peers: 7
2026-01-29 08:35:56.018-0500 | EthScheduler-Workers-0 | INFO  | PersistBlockTask | Imported empty block #1,976 / 0 tx / 0 om / 0 (0.0%) gas / (0x77a8511ff3cde2572aaa85b5fd3f1cdb5b73a0b65834e0c1a2f6d8349541dbcd) in 0.002s. Peers: 7
2026-01-29 08:36:01.072-0500 | EthScheduler-Workers-0 | INFO  | PersistBlockTask | Imported empty block #1,977 / 0 tx / 0 om / 0 (0.0%) gas / (0x45a8d80accaa2a111d7f383d62ed7971dd66e12b1b65098b418d18f901883dac) in 0.005s. Peers: 7
2026-01-29 08:36:06.021-0500 | EthScheduler-Workers-0 | INFO  | PersistBlockTask | Imported empty block #1,978 / 0 tx / 0 om / 0 (0.0%) gas / (0x2994c2951ecd87a8f89d72bf9c07feaa91d54f0c9d0f3d0707a953b65300a8f4) in 0.002s. Peers: 7
2026-01-29 08:36:11.015-0500 | EthScheduler-Workers-0 | INFO  | PersistBlockTask | Imported empty block #1,979 / 0 tx / 0 om / 0 (0.0%) gas / (0x82ea9fe077042e03689d5051234b6fc10b0f6e6d9b4406b9a007876e063253aa) in 0.002s. Peers: 7
2026-01-29 08:36:16.019-0500 | EthScheduler-Workers-0 | INFO  | PersistBlockTask | Imported empty block #1,980 / 0 tx / 0 om / 0 (0.0%) gas / (0x23d6e87f4596203cf20b35ec649c44b47c282549301844ea3d1356a547b6922c) in 0.003s. Peers: 7
2026-01-29 08:36:21.015-0500 | EthScheduler-Workers-0 | INFO  | PersistBlockTask | Imported empty block #1,981 / 0 tx / 0 om / 0 (0.0%) gas / (0xd693ccefee357c1c61dc1fc28c073a96555318a101f9c67a237f39884a113866) in 0.002s. Peers: 7
2026-01-29 08:36:26.046-0500 | EthScheduler-Workers-0 | INFO  | PersistBlockTask | Imported empty block #1,982 / 0 tx / 0 om / 0 (0.0%) gas / (0xf78dd229af92ab8edd0b0cd3b6c0ebe0f6484c075ca3335a85ac109fa20261c2) in 0.009s. Peers: 7
2026-01-29 08:36:31.090-0500 | EthScheduler-Workers-0 | INFO  | PersistBlockTask | Imported empty block #1,983 / 0 tx / 0 om / 0 (0.0%) gas / (0x6770ed3481a09664dbba129a7cd59cc8de7244297a70050efd1b855fe14a1761) in 0.004s. Peers: 7
2026-01-29 08:36:36.020-0500 | EthScheduler-Workers-0 | INFO  | PersistBlockTask | Imported empty block #1,984 / 0 tx / 0 om / 0 (0.0%) gas / (0xd05aa121d83e3ec597012213d3604ae33becdee9c4e96cc6b1967c33082ab283) in 0.002s. Peers: 7
2026-01-29 08:36:41.019-0500 | EthScheduler-Workers-0 | INFO  | PersistBlockTask | Imported empty block #1,985 / 0 tx / 0 om / 0 (0.0%) gas / (0x4d84cee41721c94df5c29ddda54d0050c3ee3654dac891293533ee03a9c6e9a9) in 0.003s. Peers: 7
2026-01-29 08:36:46.033-0500 | EthScheduler-Workers-0 | INFO  | PersistBlockTask | Imported empty block #1,986 / 0 tx / 0 om / 0 (0.0%) gas / (0x4c6287675ccfc0d005a8a38b162caf8ee7ab35716234f759a6da8ca1257b861f) in 0.002s. Peers: 7
2026-01-29 08:36:51.034-0500 | EthScheduler-Workers-0 | INFO  | PersistBlockTask | Imported empty block #1,987 / 0 tx / 0 om / 0 (0.0%) gas / (0x3bbb58fd48fd445a4e2bdc22aabfbbed54ca2d353d53c9e5a5043ca66408ab6d) in 0.006s. Peers: 7
2026-01-29 08:36:56.026-0500 | EthScheduler-Workers-0 | INFO  | PersistBlockTask | Imported empty block #1,988 / 0 tx / 0 om / 0 (0.0%) gas / (0x1247039fdf38a7c04c43078e1b7f387108607137d0471477e5df8b7aa78790d2) in 0.002s. Peers: 7
2026-01-29 08:37:01.063-0500 | EthScheduler-Workers-0 | INFO  | PersistBlockTask | Imported empty block #1,989 / 0 tx / 0 om / 0 (0.0%) gas / (0x3e39230f7c3662e8021723237b91300548d4f3401e0e9c9a02f0b81ebe582b8a) in 0.003s. Peers: 7
2026-01-29 08:37:06.032-0500 | EthScheduler-Workers-0 | INFO  | PersistBlockTask | Imported empty block #1,990 / 0 tx / 0 om / 0 (0.0%) gas / (0xe813ff2ef4cb4f9906e73314113100acbc85e111da838689caf8043263544747) in 0.006s. Peers: 7
2026-01-29 08:37:11.023-0500 | EthScheduler-Workers-0 | INFO  | PersistBlockTask | Imported empty block #1,991 / 0 tx / 0 om / 0 (0.0%) gas / (0xe8da12b0bd51ee74c766773659c807e2c3fc63b991f3c3e100de3493e0834a94) in 0.003s. Peers: 7
2026-01-29 08:37:16.025-0500 | EthScheduler-Workers-0 | INFO  | PersistBlockTask | Imported empty block #1,992 / 0 tx / 0 om / 0 (0.0%) gas / (0xdfe60c2bf36dd4783f0957a104c49310ba75b5b95cb8d37e4ce1250bacb48144) in 0.003s. Peers: 7
2026-01-29 08:37:21.031-0500 | EthScheduler-Workers-0 | INFO  | PersistBlockTask | Imported empty block #1,993 / 0 tx / 0 om / 0 (0.0%) gas / (0xff624a7b7888e85dba5a401798dd9dce22c061ddab64726ebb72b64a40ae8167) in 0.007s. Peers: 7
2026-01-29 08:37:26.040-0500 | EthScheduler-Workers-0 | INFO  | PersistBlockTask | Imported empty block #1,994 / 0 tx / 0 om / 0 (0.0%) gas / (0x6bfc4284ee036ac9da3f12d4ab17f5b826dfdbdcc0220bad5937b1d5bbf4065e) in 0.006s. Peers: 7
2026-01-29 08:37:31.105-0500 | EthScheduler-Workers-0 | INFO  | PersistBlockTask | Imported empty block #1,995 / 0 tx / 0 om / 0 (0.0%) gas / (0x9ca095552f4cdef3834ec4ef293af1a15e8805d3e437791dcfaf0a8534d1f4f6) in 0.008s. Peers: 7
2026-01-29 08:37:36.033-0500 | EthScheduler-Workers-0 | INFO  | PersistBlockTask | Imported empty block #1,996 / 0 tx / 0 om / 0 (0.0%) gas / (0xecec9b00de79444c6e94c8d2026be7b5da626dd772f5decdc07125de97974761) in 0.006s. Peers: 7
2026-01-29 08:37:41.020-0500 | EthScheduler-Workers-0 | INFO  | PersistBlockTask | Imported empty block #1,997 / 0 tx / 0 om / 0 (0.0%) gas / (0x7597a306d7d9127a9899df338a54303dcf2ec1962cfad1c39181f329ba637a62) in 0.003s. Peers: 7
2026-01-29 08:37:46.028-0500 | EthScheduler-Workers-0 | INFO  | PersistBlockTask | Imported empty block #1,998 / 0 tx / 0 om / 0 (0.0%) gas / (0x7155cf20613847b9e981f5064f27a676926cde51adc235b015062f5a81d6ce5e) in 0.006s. Peers: 7
2026-01-29 08:37:51.016-0500 | EthScheduler-Workers-0 | INFO  | PersistBlockTask | Imported empty block #1,999 / 0 tx / 0 om / 0 (0.0%) gas / (0x4c43a251bb48eb5e109e9074569883a5c5bf9b6058018ff1f96785644d2a8de5) in 0.002s. Peers: 7
2026-01-29 08:37:56.028-0500 | EthScheduler-Workers-0 | INFO  | PersistBlockTask | Imported empty block #2,000 / 0 tx / 0 om / 0 (0.0%) gas / (0xdab24daffc05e4b11fbbafa974fde8c761d8498dda80c7e67f4618b3806b7bbd) in 0.006s. Peers: 7
2026-01-29 08:38:01.088-0500 | EthScheduler-Workers-0 | INFO  | PersistBlockTask | Imported empty block #2,001 / 0 tx / 0 om / 0 (0.0%) gas / (0x9c0aee7f34b4b5e86a6cb1808e57a09ab85c8ed8b89a80bac96351b7f8637500) in 0.006s. Peers: 7
2026-01-29 08:38:06.018-0500 | EthScheduler-Workers-0 | INFO  | PersistBlockTask | Imported empty block #2,002 / 0 tx / 0 om / 0 (0.0%) gas / (0xede479b9e8ae3513c3b0cb3bc00fcb7876e09b3a75b1a6137447bf521b882ea2) in 0.002s. Peers: 7
2026-01-29 08:38:11.024-0500 | EthScheduler-Workers-0 | INFO  | PersistBlockTask | Imported empty block #2,003 / 0 tx / 0 om / 0 (0.0%) gas / (0x981b73dcc9d7e6ee2766c9fb4972432d3fb22f7ee7cbf3c067cf4a2df0ca6522) in 0.004s. Peers: 7
2026-01-29 08:38:16.015-0500 | EthScheduler-Workers-0 | INFO  | PersistBlockTask | Imported empty block #2,004 / 0 tx / 0 om / 0 (0.0%) gas / (0x415d5b63b0afc71e05d3e4051bd1438a94b7f695e4c00ff20d67926033eaa89d) in 0.002s. Peers: 7
2026-01-29 08:38:21.022-0500 | EthScheduler-Workers-0 | INFO  | PersistBlockTask | Imported empty block #2,005 / 0 tx / 0 om / 0 (0.0%) gas / (0x87866d4754f01c7b7552b1cbc6f2465082a63560973318eaecd5db14e5329ecf) in 0.002s. Peers: 7
2026-01-29 08:38:26.017-0500 | EthScheduler-Workers-0 | INFO  | PersistBlockTask | Imported empty block #2,006 / 0 tx / 0 om / 0 (0.0%) gas / (0x256de1d956b274f483f472858b67659c58c5065ef835f17f1cfb1c8e5e71080c) in 0.002s. Peers: 7
2026-01-29 08:38:31.014-0500 | EthScheduler-Workers-0 | INFO  | PersistBlockTask | Imported empty block #2,007 / 0 tx / 0 om / 0 (0.0%) gas / (0xf24ed68ae0e6a9c46061f842a4da9627a00a86debd21df10b99d5a2d1b3f940a) in 0.002s. Peers: 7
2026-01-29 08:38:36.058-0500 | EthScheduler-Workers-0 | INFO  | PersistBlockTask | Imported empty block #2,008 / 0 tx / 0 om / 0 (0.0%) gas / (0x3d2fb2459bd48cfcb3044b3c0dfbe7e0febb5e354261554f01845d59b98b896b) in 0.003s. Peers: 7
2026-01-29 08:38:41.016-0500 | EthScheduler-Workers-0 | INFO  | PersistBlockTask | Imported empty block #2,009 / 0 tx / 0 om / 0 (0.0%) gas / (0xa0e605bcbce2c837ba72ac9002292e102ff93f1cd2d7c860cb5482e927526f75) in 0.002s. Peers: 7
2026-01-29 08:38:46.019-0500 | EthScheduler-Workers-0 | INFO  | PersistBlockTask | Imported empty block #2,010 / 0 tx / 0 om / 0 (0.0%) gas / (0x41da984f5d2712972a3825170647582795657a31083d8b0f33416c3462e82f96) in 0.002s. Peers: 7
2026-01-29 08:38:51.015-0500 | EthScheduler-Workers-0 | INFO  | PersistBlockTask | Imported empty block #2,011 / 0 tx / 0 om / 0 (0.0%) gas / (0x439ed0897571b6c311c9cf2f79ebe626278cc9757c253514c4a043fef5be689f) in 0.002s. Peers: 7
2026-01-29 08:38:56.028-0500 | EthScheduler-Workers-0 | INFO  | PersistBlockTask | Imported empty block #2,012 / 0 tx / 0 om / 0 (0.0%) gas / (0x612a163a15134bc0b7fb26538fefa875cc6215a2f221baccf60ba003a5b9e608) in 0.007s. Peers: 7
2026-01-29 08:39:01.015-0500 | EthScheduler-Workers-0 | INFO  | PersistBlockTask | Imported empty block #2,013 / 0 tx / 0 om / 0 (0.0%) gas / (0xdc13774b1fcad13ef067be5f52ee1c7a73f79f7afcf295aba3745a010d86e4ba) in 0.002s. Peers: 7
2026-01-29 08:39:06.058-0500 | EthScheduler-Workers-0 | INFO  | PersistBlockTask | Imported empty block #2,014 / 0 tx / 0 om / 0 (0.0%) gas / (0x149f03a3d9349368a4900356c11f5be694466f169e0f516fa146d8cf52a2e632) in 0.002s. Peers: 7
2026-01-29 08:39:11.014-0500 | EthScheduler-Workers-0 | INFO  | PersistBlockTask | Imported empty block #2,015 / 0 tx / 0 om / 0 (0.0%) gas / (0x0598e7c3216451448d15fdbe122e910c3bb56611c107f659f9fcee7548cabd90) in 0.002s. Peers: 7
2026-01-29 08:39:16.015-0500 | EthScheduler-Workers-0 | INFO  | PersistBlockTask | Imported empty block #2,016 / 0 tx / 0 om / 0 (0.0%) gas / (0x9cf11e937c9b5e50a5cef1ea9b1455e556c20fe77d71a4086785a45dbe819d06) in 0.002s. Peers: 7
2026-01-29 08:39:21.038-0500 | EthScheduler-Workers-0 | INFO  | PersistBlockTask | Imported empty block #2,017 / 0 tx / 0 om / 0 (0.0%) gas / (0x7ab7c927e49e1a1048907e1a4b88150761cc0df7738d5cc633366be9e427500e) in 0.011s. Peers: 7
2026-01-29 08:39:26.021-0500 | EthScheduler-Workers-0 | INFO  | PersistBlockTask | Imported empty block #2,018 / 0 tx / 0 om / 0 (0.0%) gas / (0x53b3ebdd447b9217f8f592bb49eabe9385bef86f9d5a89441409437fa4243551) in 0.003s. Peers: 7
2026-01-29 08:39:31.014-0500 | EthScheduler-Workers-0 | INFO  | PersistBlockTask | Imported empty block #2,019 / 0 tx / 0 om / 0 (0.0%) gas / (0x53816b934e11dcf63dae44ddea6965ff2d307122b6eed6ce3d107ada39f5f6e9) in 0.002s. Peers: 7
2026-01-29 08:39:36.078-0500 | EthScheduler-Workers-0 | INFO  | PersistBlockTask | Imported empty block #2,020 / 0 tx / 0 om / 0 (0.0%) gas / (0xe9597f8d82f05e8072e92ef2b85c05c18868f1382cbcdb66bee9539df3130ef6) in 0.002s. Peers: 7
2026-01-29 08:39:41.034-0500 | EthScheduler-Workers-0 | INFO  | PersistBlockTask | Imported empty block #2,021 / 0 tx / 0 om / 0 (0.0%) gas / (0xb547bf5a8951b4acff8fceab0fbec72708b5d4def2880250d1a09a2860d23cc5) in 0.006s. Peers: 7
2026-01-29 08:39:46.016-0500 | EthScheduler-Workers-0 | INFO  | PersistBlockTask | Imported empty block #2,022 / 0 tx / 0 om / 0 (0.0%) gas / (0x9d2362cb5f58800d17b9acf9fa7f85ed009eb06186edfa132f2f85c43420ea40) in 0.003s. Peers: 7
2026-01-29 08:39:51.021-0500 | EthScheduler-Workers-0 | INFO  | PersistBlockTask | Imported empty block #2,023 / 0 tx / 0 om / 0 (0.0%) gas / (0x96b1e0b6aa010ae8a4364dc27f8e71dfceb640ec0a5fc465828c12dd8a88f6d2) in 0.004s. Peers: 7
2026-01-29 08:39:56.019-0500 | EthScheduler-Workers-0 | INFO  | PersistBlockTask | Imported empty block #2,024 / 0 tx / 0 om / 0 (0.0%) gas / (0xd0a26db145682ca974fa967c06482158396cf6196a90f62f1a5abbd6cb0ab093) in 0.003s. Peers: 7
2026-01-29 08:40:01.036-0500 | EthScheduler-Workers-0 | INFO  | PersistBlockTask | Imported empty block #2,025 / 0 tx / 0 om / 0 (0.0%) gas / (0x29e2e5571d8fb6720985df362228f5a1769bb5b002a445d9cb4b57f1da01a9d1) in 0.006s. Peers: 7
2026-01-29 08:40:06.064-0500 | EthScheduler-Workers-0 | INFO  | PersistBlockTask | Imported empty block #2,026 / 0 tx / 0 om / 0 (0.0%) gas / (0x414984918a322ce034b0954ffd815d9561ec90bc823448b742c2af6fc7723659) in 0.003s. Peers: 7
2026-01-29 08:40:11.024-0500 | EthScheduler-Workers-0 | INFO  | PersistBlockTask | Imported empty block #2,027 / 0 tx / 0 om / 0 (0.0%) gas / (0x3b6554d20dd289a124de78f7548e7d14ab79bf59993bb0b25f44a096b3736fe8) in 0.003s. Peers: 7
2026-01-29 08:40:16.046-0500 | EthScheduler-Workers-0 | INFO  | PersistBlockTask | Imported empty block #2,028 / 0 tx / 0 om / 0 (0.0%) gas / (0x1f07252e9552692750b0e9a38e827ed5eb9b6c9279222960805a94fd4940f18c) in 0.009s. Peers: 7
2026-01-29 08:40:21.015-0500 | EthScheduler-Workers-0 | INFO  | PersistBlockTask | Imported empty block #2,029 / 0 tx / 0 om / 0 (0.0%) gas / (0x94a570364a101c74cea3ee18ee526e6b3b8cc66adf68fa2648188849c7f09ea4) in 0.002s. Peers: 7
2026-01-29 08:40:26.014-0500 | EthScheduler-Workers-0 | INFO  | PersistBlockTask | Imported empty block #2,030 / 0 tx / 0 om / 0 (0.0%) gas / (0x791c8b2b586bb33c5b91205e7a2bc30c49554e57c91e992d74e043edca3acc8e) in 0.002s. Peers: 7
2026-01-29 08:40:31.015-0500 | EthScheduler-Workers-0 | INFO  | PersistBlockTask | Imported empty block #2,031 / 0 tx / 0 om / 0 (0.0%) gas / (0x51b0337b318ebed83fba03f9e118b265ef4b91674f62da97c69896db6990ebff) in 0.002s. Peers: 7
2026-01-29 08:40:36.077-0500 | EthScheduler-Workers-0 | INFO  | PersistBlockTask | Imported empty block #2,032 / 0 tx / 0 om / 0 (0.0%) gas / (0xdcd2afb8d70f2b0d0fd3710b11b2d62f9a756a35bbe4df0bcf91fb9aaeee9117) in 0.006s. Peers: 7
2026-01-29 08:40:41.015-0500 | EthScheduler-Workers-0 | INFO  | PersistBlockTask | Imported empty block #2,033 / 0 tx / 0 om / 0 (0.0%) gas / (0x4b0d35a41fab6534ebf4f216af7832b6b93908a299d266e8ed331042af4e5f50) in 0.002s. Peers: 7
2026-01-29 08:40:46.014-0500 | EthScheduler-Workers-0 | INFO  | PersistBlockTask | Imported empty block #2,034 / 0 tx / 0 om / 0 (0.0%) gas / (0xfa2639345f36b02bb2f6a62a4b9407a829597f16979398754b191fa6673f7f12) in 0.002s. Peers: 7
2026-01-29 08:40:51.014-0500 | EthScheduler-Workers-0 | INFO  | PersistBlockTask | Imported empty block #2,035 / 0 tx / 0 om / 0 (0.0%) gas / (0xff90ab5f6b8152b4ddfe708fc1f171123b4ce3f1034e82116aa5a4baaf5bf73a) in 0.002s. Peers: 7
2026-01-29 08:40:56.019-0500 | EthScheduler-Workers-0 | INFO  | PersistBlockTask | Imported empty block #2,036 / 0 tx / 0 om / 0 (0.0%) gas / (0xd69d2a10b8337727573eb2b5f4d1a9431ca9fa4c46975af7f627be128b89f0ab) in 0.003s. Peers: 7
2026-01-29 08:41:01.029-0500 | EthScheduler-Workers-0 | INFO  | PersistBlockTask | Imported empty block #2,037 / 0 tx / 0 om / 0 (0.0%) gas / (0x4d4c14d88b32dcdfb9c9f6880ceb177ec82b0f3a8c1b0673129562952dc9224e) in 0.002s. Peers: 7
2026-01-29 08:41:06.079-0500 | EthScheduler-Workers-0 | INFO  | PersistBlockTask | Imported empty block #2,038 / 0 tx / 0 om / 0 (0.0%) gas / (0xf18fe3e894f55003a70165e4a7ced08d12d87f9db8187b72ff5e007841edadc0) in 0.006s. Peers: 7
2026-01-29 08:41:11.026-0500 | EthScheduler-Workers-0 | INFO  | PersistBlockTask | Imported empty block #2,039 / 0 tx / 0 om / 0 (0.0%) gas / (0x6fbd79b94f1efc168dfae8cac04b06b0b310667c9460d243f3bbb0bd5e30baba) in 0.002s. Peers: 7
2026-01-29 08:41:16.030-0500 | EthScheduler-Workers-0 | INFO  | PersistBlockTask | Imported empty block #2,040 / 0 tx / 0 om / 0 (0.0%) gas / (0x0f58d00a6dfd0310f4a4417d3339de6dcb92d0464ed5ea51a810573ea0203370) in 0.003s. Peers: 7
2026-01-29 08:41:21.024-0500 | EthScheduler-Workers-0 | INFO  | PersistBlockTask | Imported empty block #2,041 / 0 tx / 0 om / 0 (0.0%) gas / (0x9a7159cc186195b09c9c6468a3a237cba7f126873d8dd0cce322e0a21709248a) in 0.002s. Peers: 7
2026-01-29 08:41:26.027-0500 | EthScheduler-Workers-0 | INFO  | PersistBlockTask | Imported empty block #2,042 / 0 tx / 0 om / 0 (0.0%) gas / (0x0ab06dbea778af1ff5ba749734b616e92c67e71050262e3050a89e5623f0ee1b) in 0.003s. Peers: 7
2026-01-29 08:41:31.038-0500 | EthScheduler-Workers-0 | INFO  | PersistBlockTask | Imported empty block #2,043 / 0 tx / 0 om / 0 (0.0%) gas / (0xc0c400cdea00eb84085f81c36e2c6d2e993577fb7af0f10b0bd2da66c872ced9) in 0.002s. Peers: 7
2026-01-29 08:41:36.074-0500 | EthScheduler-Workers-0 | INFO  | PersistBlockTask | Imported empty block #2,044 / 0 tx / 0 om / 0 (0.0%) gas / (0xc05170a8da49d3040b30990ae9f313f4611fce853c2b633ac920aaf913963e5b) in 0.003s. Peers: 7
2026-01-29 08:41:41.029-0500 | EthScheduler-Workers-0 | INFO  | PersistBlockTask | Imported empty block #2,045 / 0 tx / 0 om / 0 (0.0%) gas / (0xf6529449d975486be1d33480f90f2728afb6904dcf34dd1a58f2a325217472d3) in 0.003s. Peers: 7
2026-01-29 08:41:46.023-0500 | EthScheduler-Workers-0 | INFO  | PersistBlockTask | Imported empty block #2,046 / 0 tx / 0 om / 0 (0.0%) gas / (0x698ca26569c1346189b2fd0c0a27137a8bfcc85ab21db43d4b0cf08a2cf37d66) in 0.002s. Peers: 7
2026-01-29 08:41:51.027-0500 | EthScheduler-Workers-0 | INFO  | PersistBlockTask | Imported empty block #2,047 / 0 tx / 0 om / 0 (0.0%) gas / (0x405ea3e4ab6a06b7d78aad8626191c77f7ac3a5a372d2094f34be8702ecddaf4) in 0.005s. Peers: 7
2026-01-29 08:41:56.044-0500 | EthScheduler-Workers-0 | INFO  | PersistBlockTask | Imported empty block #2,048 / 0 tx / 0 om / 0 (0.0%) gas / (0x06969c50f2d1e1b45ccda13e611fc58a1a57cbeb735996b310ed7c410a728319) in 0.009s. Peers: 7
2026-01-29 08:42:01.024-0500 | EthScheduler-Workers-0 | INFO  | PersistBlockTask | Imported empty block #2,049 / 0 tx / 0 om / 0 (0.0%) gas / (0x240886aed8cebe8a36893ebb9f170aea5aea7c950ce31e158b644ece7980c75c) in 0.003s. Peers: 7
2026-01-29 08:42:06.074-0500 | EthScheduler-Workers-0 | INFO  | PersistBlockTask | Imported empty block #2,050 / 0 tx / 0 om / 0 (0.0%) gas / (0x0b0889c678d9617b3a2bf6fc3c84bfad23b80a46fc4a572a07f3667ea67b892f) in 0.002s. Peers: 7
2026-01-29 08:42:11.037-0500 | EthScheduler-Workers-0 | INFO  | PersistBlockTask | Imported empty block #2,051 / 0 tx / 0 om / 0 (0.0%) gas / (0x9a74e3533daf048cd2d8f9d8f351cd5767c9c2cd3989f6335caf1d03ada030c6) in 0.002s. Peers: 7
2026-01-29 08:42:16.016-0500 | EthScheduler-Workers-0 | INFO  | PersistBlockTask | Imported empty block #2,052 / 0 tx / 0 om / 0 (0.0%) gas / (0x8559486680fec9be4eb972eb9242ae00bf514d88240fe750db3a8402282f9b72) in 0.002s. Peers: 7
2026-01-29 08:42:21.022-0500 | EthScheduler-Workers-0 | INFO  | PersistBlockTask | Imported empty block #2,053 / 0 tx / 0 om / 0 (0.0%) gas / (0xac010d24b13e4cf0499ad611f31e52c286487e4aad3869e660916939b556b56a) in 0.004s. Peers: 7
2026-01-29 08:42:26.039-0500 | EthScheduler-Workers-0 | INFO  | PersistBlockTask | Imported empty block #2,054 / 0 tx / 0 om / 0 (0.0%) gas / (0x1bac343776ceaf02aa7da7696d80dd19fded916d8973ebedfa4983ea5917d7ee) in 0.010s. Peers: 7
2026-01-29 08:42:31.023-0500 | EthScheduler-Workers-0 | INFO  | PersistBlockTask | Imported empty block #2,055 / 0 tx / 0 om / 0 (0.0%) gas / (0x38b96772eddae43453bd60cf40007d10e90de6f19a18c726d25a3ac950521681) in 0.005s. Peers: 7
2026-01-29 08:42:36.092-0500 | EthScheduler-Workers-0 | INFO  | PersistBlockTask | Imported empty block #2,056 / 0 tx / 0 om / 0 (0.0%) gas / (0x79c0664ace13367c63d513f0e1525355497dd7bd891db67fbe163cb3da784993) in 0.003s. Peers: 7
2026-01-29 08:42:41.015-0500 | EthScheduler-Workers-0 | INFO  | PersistBlockTask | Imported empty block #2,057 / 0 tx / 0 om / 0 (0.0%) gas / (0xccfdaba603d3d80dadd41f66bdfd1bae24fbb648ed37e1856b4f8c82934ac144) in 0.002s. Peers: 7
2026-01-29 08:42:46.024-0500 | EthScheduler-Workers-0 | INFO  | PersistBlockTask | Imported empty block #2,058 / 0 tx / 0 om / 0 (0.0%) gas / (0x3d65ef3c3be57dc2aa6ef711a3be3f91f98bddea4bccc94bae6a4518d16db16d) in 0.004s. Peers: 7
2026-01-29 08:42:51.015-0500 | EthScheduler-Workers-0 | INFO  | PersistBlockTask | Imported empty block #2,059 / 0 tx / 0 om / 0 (0.0%) gas / (0x626928701bfe31a4c218c5dd832cbb2037bace91cab2e936942a759cfcc9ff89) in 0.002s. Peers: 7
2026-01-29 08:42:56.014-0500 | EthScheduler-Workers-0 | INFO  | PersistBlockTask | Imported empty block #2,060 / 0 tx / 0 om / 0 (0.0%) gas / (0x039d863aff88a423f5627b58f210e0cda96f47a6755dc99d1fb78ac1df90d521) in 0.002s. Peers: 7
2026-01-29 08:43:01.040-0500 | EthScheduler-Workers-0 | INFO  | PersistBlockTask | Imported empty block #2,061 / 0 tx / 0 om / 0 (0.0%) gas / (0x9acf477867da112e044542395349b072f3ba7647f58c2d27306816d1bef80518) in 0.006s. Peers: 7
2026-01-29 08:43:06.080-0500 | EthScheduler-Workers-0 | INFO  | PersistBlockTask | Imported empty block #2,062 / 0 tx / 0 om / 0 (0.0%) gas / (0xf786a92762bb39447001421e926bc304770a4d1b486493f2971438044b87841d) in 0.006s. Peers: 7
2026-01-29 08:43:11.016-0500 | EthScheduler-Workers-0 | INFO  | PersistBlockTask | Imported empty block #2,063 / 0 tx / 0 om / 0 (0.0%) gas / (0x16b7b160454b69b879995061b93931b31c48e148fb3facf75911713fb378c1be) in 0.003s. Peers: 7
2026-01-29 08:43:16.021-0500 | EthScheduler-Workers-0 | INFO  | PersistBlockTask | Imported empty block #2,064 / 0 tx / 0 om / 0 (0.0%) gas / (0x4d655aedf11f949373a67621a08f4a6a8dc3c6d7947bd5bb88c01736359cc125) in 0.002s. Peers: 7
2026-01-29 08:43:21.028-0500 | EthScheduler-Workers-0 | INFO  | PersistBlockTask | Imported empty block #2,065 / 0 tx / 0 om / 0 (0.0%) gas / (0x32aad2914414ce251176b2bc2edf80aad5e63ebfc657a6e4dabb5fe3eb6cd7bf) in 0.005s. Peers: 7
2026-01-29 08:43:26.015-0500 | EthScheduler-Workers-0 | INFO  | PersistBlockTask | Imported empty block #2,066 / 0 tx / 0 om / 0 (0.0%) gas / (0xe6e1c2ea800e55e396b122ecac71f9fbc1ed90df8e14f5cf8d4eb1b09e36fdfd) in 0.002s. Peers: 7
2026-01-29 08:43:31.013-0500 | EthScheduler-Workers-0 | INFO  | PersistBlockTask | Imported empty block #2,067 / 0 tx / 0 om / 0 (0.0%) gas / (0x73f549ace3f102b66b963dee5d4f5e529964443ce6175d9d10514cc1a7a16193) in 0.002s. Peers: 7
2026-01-29 08:43:36.078-0500 | EthScheduler-Workers-0 | INFO  | PersistBlockTask | Imported empty block #2,068 / 0 tx / 0 om / 0 (0.0%) gas / (0xe01f670911e0ae00a6524eb9c4b4c06a3867b2aac39c5d91227dfcfdca43f7e1) in 0.002s. Peers: 7
2026-01-29 08:43:41.020-0500 | EthScheduler-Workers-0 | INFO  | PersistBlockTask | Imported empty block #2,069 / 0 tx / 0 om / 0 (0.0%) gas / (0xf6dfa18dbf4b5d3b9acc76b013ba97094c8b35a9fe2e41e7a715c942157160a0) in 0.002s. Peers: 7
2026-01-29 08:43:46.027-0500 | EthScheduler-Workers-0 | INFO  | PersistBlockTask | Imported empty block #2,070 / 0 tx / 0 om / 0 (0.0%) gas / (0xe5fddecc39cf2516c97e44d61438707bbdd92db335d8424fa59bb07c3cb0ea32) in 0.005s. Peers: 7
2026-01-29 08:43:51.028-0500 | EthScheduler-Workers-0 | INFO  | PersistBlockTask | Imported empty block #2,071 / 0 tx / 0 om / 0 (0.0%) gas / (0x017639bffeebb5d586b12a1c59d88e283407ea9c680be33ec86c19fb0527565e) in 0.005s. Peers: 7
2026-01-29 08:43:56.024-0500 | EthScheduler-Workers-0 | INFO  | PersistBlockTask | Imported empty block #2,072 / 0 tx / 0 om / 0 (0.0%) gas / (0x7871278bb93a88e9e47e73c30ab04ef538d30ac4798e81a6f9bedc05226c5bb9) in 0.004s. Peers: 7
2026-01-29 08:44:01.029-0500 | EthScheduler-Workers-0 | INFO  | PersistBlockTask | Imported empty block #2,073 / 0 tx / 0 om / 0 (0.0%) gas / (0xd09d61f51b5c98f7b82f13c68e60825e7ce77fa75e5ea0a1cc48f6714e98b616) in 0.003s. Peers: 7
2026-01-29 08:44:06.067-0500 | EthScheduler-Workers-0 | INFO  | PersistBlockTask | Imported empty block #2,074 / 0 tx / 0 om / 0 (0.0%) gas / (0xdba30339f33e639bc7a6099b208cefc6554fdc4e147fb8b1061837d66c8f8faf) in 0.002s. Peers: 7
2026-01-29 08:44:11.014-0500 | EthScheduler-Workers-0 | INFO  | PersistBlockTask | Imported empty block #2,075 / 0 tx / 0 om / 0 (0.0%) gas / (0x1805419b78466c13bd087f57730b2239cdbf9dcc00ccee79431ac5418f9544dc) in 0.002s. Peers: 7
2026-01-29 08:44:16.036-0500 | EthScheduler-Workers-0 | INFO  | PersistBlockTask | Imported empty block #2,076 / 0 tx / 0 om / 0 (0.0%) gas / (0x872aead336b9c76a5ac255d46bdecbfb1e650a0d0b6c5d6d19d348ef44120a32) in 0.006s. Peers: 7
2026-01-29 08:44:21.017-0500 | EthScheduler-Workers-0 | INFO  | PersistBlockTask | Imported empty block #2,077 / 0 tx / 0 om / 0 (0.0%) gas / (0xb98be80142397c7b24be31eef71767164e12ea6ff10f2bc4a4ad131f7c4b0fb1) in 0.002s. Peers: 7
2026-01-29 08:44:26.016-0500 | EthScheduler-Workers-0 | INFO  | PersistBlockTask | Imported empty block #2,078 / 0 tx / 0 om / 0 (0.0%) gas / (0xb3b800b1c9883882d7f1cd7878eb254d4d385bcc0d60756557358711106717ba) in 0.003s. Peers: 7
2026-01-29 08:44:31.018-0500 | EthScheduler-Workers-0 | INFO  | PersistBlockTask | Imported empty block #2,079 / 0 tx / 0 om / 0 (0.0%) gas / (0x4cbdb5445cbe52b162eadc82838113ae77db262c99ece3e7aae8a3f42c61e71e) in 0.005s. Peers: 7
2026-01-29 08:44:36.079-0500 | EthScheduler-Workers-0 | INFO  | PersistBlockTask | Imported empty block #2,080 / 0 tx / 0 om / 0 (0.0%) gas / (0x72c4ab3a64c28fdb3f68ccc9adc3cfc4158ce6e1fb7513949499e119db6f8c58) in 0.005s. Peers: 7
2026-01-29 08:44:41.021-0500 | EthScheduler-Workers-0 | INFO  | PersistBlockTask | Imported empty block #2,081 / 0 tx / 0 om / 0 (0.0%) gas / (0x057b1522eef5b60a6bf81c855b45374d7388e71b699c34f374da12ed9699cae0) in 0.005s. Peers: 7
2026-01-29 08:44:46.027-0500 | EthScheduler-Workers-0 | INFO  | PersistBlockTask | Imported empty block #2,082 / 0 tx / 0 om / 0 (0.0%) gas / (0x076feee8a88d057b7a78acb0b8773795daf0a5a532aafd60f87717144be6ac4f) in 0.005s. Peers: 7
2026-01-29 08:44:51.018-0500 | EthScheduler-Workers-0 | INFO  | PersistBlockTask | Imported empty block #2,083 / 0 tx / 0 om / 0 (0.0%) gas / (0xab83a6c9f867b1bbd16dd3149c8b87e858b05ee629e21ebc100dfdcfd3af5409) in 0.003s. Peers: 7
2026-01-29 08:44:56.020-0500 | EthScheduler-Workers-0 | INFO  | PersistBlockTask | Imported empty block #2,084 / 0 tx / 0 om / 0 (0.0%) gas / (0xc267e1839e94e0582b22db5f98861f567753aad0b733b2c0c36d6173d87580da) in 0.004s. Peers: 7
2026-01-29 08:45:01.014-0500 | EthScheduler-Workers-0 | INFO  | PersistBlockTask | Imported empty block #2,085 / 0 tx / 0 om / 0 (0.0%) gas / (0x7a979e67ae66c266662d342111ec25093ee2440c3092f0bc5a3cd15bc2d57704) in 0.002s. Peers: 7
2026-01-29 08:45:06.093-0500 | EthScheduler-Workers-0 | INFO  | PersistBlockTask | Imported empty block #2,086 / 0 tx / 0 om / 0 (0.0%) gas / (0x75140d649390002550fd738f8514b6c65ac3fad9f361c26a690b01aa619e0434) in 0.005s. Peers: 7
2026-01-29 08:45:11.020-0500 | EthScheduler-Workers-0 | INFO  | PersistBlockTask | Imported empty block #2,087 / 0 tx / 0 om / 0 (0.0%) gas / (0x4df58fc2a7cc59d4e83dd35d2f369c2b264b69ce37efc27e39466df570c4b22c) in 0.004s. Peers: 7
2026-01-29 08:45:16.017-0500 | EthScheduler-Workers-0 | INFO  | PersistBlockTask | Imported empty block #2,088 / 0 tx / 0 om / 0 (0.0%) gas / (0x093b8594134f6c18fa5094582ca6cdf7be6e3c52023e6438210019c551339cf2) in 0.003s. Peers: 7
2026-01-29 08:45:21.022-0500 | EthScheduler-Workers-0 | INFO  | PersistBlockTask | Imported empty block #2,089 / 0 tx / 0 om / 0 (0.0%) gas / (0x6d01cd7046af39435378ad4f9d29ea0b73b66f0cd45b2ce22d413e73d3c13d9c) in 0.003s. Peers: 7
2026-01-29 08:45:26.013-0500 | EthScheduler-Workers-0 | INFO  | PersistBlockTask | Imported empty block #2,090 / 0 tx / 0 om / 0 (0.0%) gas / (0xc3027d6fcdded8cfa60001f41bb6dd0449f4aa20dc66808845f38ecf7b2bf841) in 0.002s. Peers: 7
2026-01-29 08:45:31.020-0500 | EthScheduler-Workers-0 | INFO  | PersistBlockTask | Imported empty block #2,091 / 0 tx / 0 om / 0 (0.0%) gas / (0xcd98d62b1818b5cd12e306f5b8c67c998f12bce677d98ea8f547d04dbe1ff2e6) in 0.002s. Peers: 7
2026-01-29 08:45:36.073-0500 | EthScheduler-Workers-0 | INFO  | PersistBlockTask | Imported empty block #2,092 / 0 tx / 0 om / 0 (0.0%) gas / (0x413ff3ca208d8c5df74a331ee50677a2e53d86cf1110bd6a20e84c393ec1c567) in 0.002s. Peers: 7
2026-01-29 08:45:41.015-0500 | EthScheduler-Workers-0 | INFO  | PersistBlockTask | Imported empty block #2,093 / 0 tx / 0 om / 0 (0.0%) gas / (0x537ec6ca76201aedb3e1d7b18465c45d89dce89a8f38b27d6a68fd66856f3af5) in 0.002s. Peers: 7
2026-01-29 08:45:46.020-0500 | EthScheduler-Workers-0 | INFO  | PersistBlockTask | Imported empty block #2,094 / 0 tx / 0 om / 0 (0.0%) gas / (0x6ab828c9bafebed82f2ba2ad8e769670318889eca4549d0e6ea43cbbb95978f0) in 0.002s. Peers: 7
2026-01-29 08:45:51.027-0500 | EthScheduler-Workers-0 | INFO  | PersistBlockTask | Imported empty block #2,095 / 0 tx / 0 om / 0 (0.0%) gas / (0x3fb7eb568739fa07b0fe71147735c07d1664d9ff64ddc03acd5dc6c2d5c57ab1) in 0.004s. Peers: 7
2026-01-29 08:45:56.015-0500 | EthScheduler-Workers-0 | INFO  | PersistBlockTask | Imported empty block #2,096 / 0 tx / 0 om / 0 (0.0%) gas / (0x05d31e56bf0f0831eb34c2b0abf4e82609317c1a9cc6a0ac9105e96f847613f7) in 0.003s. Peers: 7
2026-01-29 08:46:01.026-0500 | EthScheduler-Workers-0 | INFO  | PersistBlockTask | Imported empty block #2,097 / 0 tx / 0 om / 0 (0.0%) gas / (0x6fa88f3dc7b6f68f3d61766f5aa0fb9fd51360b884dd58bd0ce3a2de7f7beaf9) in 0.003s. Peers: 7
2026-01-29 08:46:06.085-0500 | EthScheduler-Workers-0 | INFO  | PersistBlockTask | Imported empty block #2,098 / 0 tx / 0 om / 0 (0.0%) gas / (0x7961d28c1ad486a4661253b934b7fbad2270befeb647ceb68d431ed6075b2fee) in 0.005s. Peers: 7
2026-01-29 08:46:11.828-0500 | EthScheduler-Workers-0 | INFO  | PersistBlockTask | Imported block #2,099 / 1 tx / 0 om / 391,186 (1.3%) gas / (0xf0952efd1c4afe2257fdeb5e457312551e529aa6303303d7e6ee266f124702e3) in 0.405s. Peers: 7
2026-01-29 08:46:16.023-0500 | EthScheduler-Workers-0 | INFO  | PersistBlockTask | Imported empty block #2,100 / 0 tx / 0 om / 0 (0.0%) gas / (0x4ec83ee549403a930b531ec18adabb5b593dfa3de74010aa210feff3f71c29c2) in 0.003s. Peers: 7
2026-01-29 08:46:21.022-0500 | EthScheduler-Workers-0 | INFO  | PersistBlockTask | Imported empty block #2,101 / 0 tx / 0 om / 0 (0.0%) gas / (0x39e5a4aac18285f88ce4276db51952af4cd63969e294dafd415e56d285948ac3) in 0.004s. Peers: 7
2026-01-29 08:46:26.039-0500 | EthScheduler-Workers-0 | INFO  | PersistBlockTask | Imported empty block #2,102 / 0 tx / 0 om / 0 (0.0%) gas / (0x9af6d5bc8e50b889aee248c4eb0ef555a191b27b8e6f32f4456ec393f2965adc) in 0.004s. Peers: 7
2026-01-29 08:46:31.049-0500 | EthScheduler-Workers-0 | INFO  | PersistBlockTask | Imported block #2,103 / 1 tx / 0 om / 49,756 (0.2%) gas / (0xaabb6184578cc041492597bf979e35669d9c4068d14531c21180340a357c4640) in 0.019s. Peers: 7
2026-01-29 08:46:36.101-0500 | EthScheduler-Workers-0 | INFO  | PersistBlockTask | Imported empty block #2,104 / 0 tx / 0 om / 0 (0.0%) gas / (0xcb95b3bffdf3a7a4ab96eafad7cf6b59cb6629810b9a9b4bbf61cbbf052aa664) in 0.002s. Peers: 7
2026-01-29 08:46:41.038-0500 | EthScheduler-Workers-0 | INFO  | PersistBlockTask | Imported empty block #2,105 / 0 tx / 0 om / 0 (0.0%) gas / (0x3626e6febd1fff187276a7779da86cb4d9ee8390a5ebac42173a28c7962de510) in 0.010s. Peers: 7
2026-01-29 08:46:46.032-0500 | EthScheduler-Workers-0 | INFO  | PersistBlockTask | Imported empty block #2,106 / 0 tx / 0 om / 0 (0.0%) gas / (0x840f51e44915cd7dc6f50c9350ac9c08a89cc1c6eb1608b23027f6a16238bf13) in 0.003s. Peers: 7
2026-01-29 08:46:51.090-0500 | EthScheduler-Workers-0 | INFO  | PersistBlockTask | Imported block #2,107 / 1 tx / 0 om / 136,533 (0.5%) gas / (0x04efc1e1cc6729c4a1d1da2ff03faffd3adca1e62c1eeb65f2317e893c18f667) in 0.026s. Peers: 7
2026-01-29 08:46:56.033-0500 | EthScheduler-Workers-0 | INFO  | PersistBlockTask | Imported empty block #2,108 / 0 tx / 0 om / 0 (0.0%) gas / (0x720bff392ba94e807b39e2fdcc3c1b7865a8e0441bd96a31ebeb7c60d0735c2b) in 0.006s. Peers: 7
2026-01-29 08:47:01.022-0500 | EthScheduler-Workers-0 | INFO  | PersistBlockTask | Imported empty block #2,109 / 0 tx / 0 om / 0 (0.0%) gas / (0xb6a82e04c42f58e4e6e9783d47d54cbfdc7b287d77c469c8bcb49c6aff91b969) in 0.003s. Peers: 7
2026-01-29 08:47:06.128-0500 | EthScheduler-Workers-0 | INFO  | PersistBlockTask | Imported empty block #2,110 / 0 tx / 0 om / 0 (0.0%) gas / (0xa76cea789024ca14d358a7623b8f82645963ab88f38a760029cdba2c595ee3ef) in 0.007s. Peers: 7
2026-01-29 08:47:11.018-0500 | EthScheduler-Workers-0 | INFO  | PersistBlockTask | Imported empty block #2,111 / 0 tx / 0 om / 0 (0.0%) gas / (0x3f6f4b0e8a723310264d704566ae3d66de4098dbd2d6af11b985ea55b5a717ae) in 0.005s. Peers: 7
2026-01-29 08:47:16.021-0500 | EthScheduler-Workers-0 | INFO  | PersistBlockTask | Imported empty block #2,112 / 0 tx / 0 om / 0 (0.0%) gas / (0xa900453514440b37cb8d7cc3323cacc7087d3a35dbfe5a0612762808ac959ce2) in 0.003s. Peers: 7
2026-01-29 08:47:21.016-0500 | EthScheduler-Workers-0 | INFO  | PersistBlockTask | Imported empty block #2,113 / 0 tx / 0 om / 0 (0.0%) gas / (0xc8b9d37db252acd81e86dd3ca7d6f96f107aa21e81a985401143e3d798c11943) in 0.002s. Peers: 7
2026-01-29 08:47:26.024-0500 | EthScheduler-Workers-0 | INFO  | PersistBlockTask | Imported empty block #2,114 / 0 tx / 0 om / 0 (0.0%) gas / (0x748c7f5a6e1279b02439a0be16718dc37531fd8d291531b4727e8e90d730c481) in 0.008s. Peers: 7
2026-01-29 08:47:31.029-0500 | EthScheduler-Workers-0 | INFO  | PersistBlockTask | Imported empty block #2,115 / 0 tx / 0 om / 0 (0.0%) gas / (0xd8b8dbee90f650369aeef30fd3f33e969588281d8508c289246dc405d8cebfbd) in 0.007s. Peers: 7
2026-01-29 08:47:36.086-0500 | EthScheduler-Workers-0 | INFO  | PersistBlockTask | Imported empty block #2,116 / 0 tx / 0 om / 0 (0.0%) gas / (0x660c4183470430daf209143c1d774e1095c32bca3c03d0970eddb9beadae92f1) in 0.005s. Peers: 7
2026-01-29 08:47:41.040-0500 | EthScheduler-Workers-0 | INFO  | PersistBlockTask | Imported empty block #2,117 / 0 tx / 0 om / 0 (0.0%) gas / (0x555c68b586ad3549eb63b8ea4cf0fa8d48c7270b6fb74c4a800adbf33ab833c0) in 0.010s. Peers: 7
2026-01-29 08:47:46.026-0500 | EthScheduler-Workers-0 | INFO  | PersistBlockTask | Imported empty block #2,118 / 0 tx / 0 om / 0 (0.0%) gas / (0x485ee218cad7df2f1962d82352c8068904de444bcdb9722679a770da1056f29a) in 0.006s. Peers: 7
2026-01-29 08:47:51.040-0500 | EthScheduler-Workers-0 | INFO  | PersistBlockTask | Imported empty block #2,119 / 0 tx / 0 om / 0 (0.0%) gas / (0xab8e45b533731708ce0fd39b2668f32692885830426dec68e8845c73a2027ef6) in 0.012s. Peers: 7
2026-01-29 08:47:56.019-0500 | EthScheduler-Workers-0 | INFO  | PersistBlockTask | Imported empty block #2,120 / 0 tx / 0 om / 0 (0.0%) gas / (0xe381e8ab7141452c12610d2f5933d77de539a633d90e589799afd9fe6702ed26) in 0.002s. Peers: 7
2026-01-29 08:48:01.018-0500 | EthScheduler-Workers-0 | INFO  | PersistBlockTask | Imported empty block #2,121 / 0 tx / 0 om / 0 (0.0%) gas / (0xe28f5b86793d56c18b84bec5a7c01fff6ca6691e296e1e458b42eedff5d9b832) in 0.003s. Peers: 7
2026-01-29 08:48:06.067-0500 | EthScheduler-Workers-0 | INFO  | PersistBlockTask | Imported empty block #2,122 / 0 tx / 0 om / 0 (0.0%) gas / (0xe02c10da57cd3449821a642cb7d4be7ecf3d78635433d441631e9f6c23209d0f) in 0.003s. Peers: 7
2026-01-29 08:48:11.022-0500 | EthScheduler-Workers-0 | INFO  | PersistBlockTask | Imported empty block #2,123 / 0 tx / 0 om / 0 (0.0%) gas / (0x0c49411a4d98b6709d297c4a3233b0cccc2e2cd973f07a6ae32a96e0ac3fdafb) in 0.003s. Peers: 7
2026-01-29 08:48:16.013-0500 | EthScheduler-Workers-0 | INFO  | PersistBlockTask | Imported empty block #2,124 / 0 tx / 0 om / 0 (0.0%) gas / (0x3e9f934dfbc391f8ca12a57307f75533dba482dba55afe5ce3bde964d4b87ff8) in 0.002s. Peers: 7
2026-01-29 08:48:21.015-0500 | EthScheduler-Workers-0 | INFO  | PersistBlockTask | Imported empty block #2,125 / 0 tx / 0 om / 0 (0.0%) gas / (0xcd15382398959f57cb8859931abc109bd4ad9647eb51c08da5df1810ac69e2e8) in 0.002s. Peers: 7
2026-01-29 08:48:26.027-0500 | EthScheduler-Workers-0 | INFO  | PersistBlockTask | Imported empty block #2,126 / 0 tx / 0 om / 0 (0.0%) gas / (0x25164477c694b109d6ae087ce933e0a9693890e992dddcf967544b43d6831de2) in 0.004s. Peers: 7
2026-01-29 08:48:31.027-0500 | EthScheduler-Workers-0 | INFO  | PersistBlockTask | Imported empty block #2,127 / 0 tx / 0 om / 0 (0.0%) gas / (0x52a696dc802a5f9427715fde0789df6eaa45f6da08431af63784c85cdc523215) in 0.004s. Peers: 7
2026-01-29 08:48:36.066-0500 | EthScheduler-Workers-0 | INFO  | PersistBlockTask | Imported empty block #2,128 / 0 tx / 0 om / 0 (0.0%) gas / (0xd878bd95360eaa9171ebbb7e5dba5584b225e75a4a4f6fbc4016dc1c85c4aa2b) in 0.005s. Peers: 7
2026-01-29 08:48:41.014-0500 | EthScheduler-Workers-0 | INFO  | PersistBlockTask | Imported empty block #2,129 / 0 tx / 0 om / 0 (0.0%) gas / (0xcb15276f422f1d331dc7c9cb0457daf1a2a5c3d7cb4206d110d17427942bae29) in 0.002s. Peers: 7
2026-01-29 08:48:46.017-0500 | EthScheduler-Workers-0 | INFO  | PersistBlockTask | Imported empty block #2,130 / 0 tx / 0 om / 0 (0.0%) gas / (0x9ac67d1b8369325608ff10a0c86fad9a067bfeeca6a65efab9655b8f3da4d238) in 0.003s. Peers: 7
2026-01-29 08:48:51.031-0500 | EthScheduler-Workers-0 | INFO  | PersistBlockTask | Imported empty block #2,131 / 0 tx / 0 om / 0 (0.0%) gas / (0xd70de455698d5360181292821d228c397e733a84bd3a1b908331cfebd84f1ec6) in 0.005s. Peers: 7
2026-01-29 08:48:56.014-0500 | EthScheduler-Workers-0 | INFO  | PersistBlockTask | Imported empty block #2,132 / 0 tx / 0 om / 0 (0.0%) gas / (0xd7de5a0b9beae736136c2dfc0959e8d4f1fc87428ff0b90a76ef72b12567bd4b) in 0.002s. Peers: 7
2026-01-29 08:49:01.017-0500 | EthScheduler-Workers-0 | INFO  | PersistBlockTask | Imported empty block #2,133 / 0 tx / 0 om / 0 (0.0%) gas / (0xcc54c2ab5f5825ef93b7e61ef48518555c3537c4d042e9c9d9f3ee95df166023) in 0.003s. Peers: 7
2026-01-29 08:49:06.079-0500 | EthScheduler-Workers-0 | INFO  | PersistBlockTask | Imported empty block #2,134 / 0 tx / 0 om / 0 (0.0%) gas / (0x77f45ffd4a08e3096484676d20d9978739b3e1bcf9ac3ad832849d1684c227a5) in 0.003s. Peers: 7
2026-01-29 08:49:11.015-0500 | EthScheduler-Workers-0 | INFO  | PersistBlockTask | Imported empty block #2,135 / 0 tx / 0 om / 0 (0.0%) gas / (0x32be05a7fa6c7ed1c6668c762f6ccd8783e74d2d0345fc36a364055faaf9b9ef) in 0.002s. Peers: 7
2026-01-29 08:49:16.013-0500 | EthScheduler-Workers-0 | INFO  | PersistBlockTask | Imported empty block #2,136 / 0 tx / 0 om / 0 (0.0%) gas / (0xf9ddf2c68e5e5887376c027be84ced3333e0311780288e8df71329ed0618c593) in 0.002s. Peers: 7
2026-01-29 08:49:21.021-0500 | EthScheduler-Workers-0 | INFO  | PersistBlockTask | Imported empty block #2,137 / 0 tx / 0 om / 0 (0.0%) gas / (0x934eef07cd0b541394fd0272cbbb894c343570ccd4c59fbd526a30fb1b669d6b) in 0.003s. Peers: 7
2026-01-29 08:49:26.014-0500 | EthScheduler-Workers-0 | INFO  | PersistBlockTask | Imported empty block #2,138 / 0 tx / 0 om / 0 (0.0%) gas / (0xbe10e39679090cab7ec52ddaa0cae42b151e8fd96c746b5ff1ad9be2f0965a3b) in 0.003s. Peers: 7
2026-01-29 08:49:31.012-0500 | EthScheduler-Workers-0 | INFO  | PersistBlockTask | Imported empty block #2,139 / 0 tx / 0 om / 0 (0.0%) gas / (0xa14c396959fd20db348ffb97934b624f9660850f75210c518f7b8dbc2ea2f20b) in 0.002s. Peers: 7
2026-01-29 08:49:36.062-0500 | EthScheduler-Workers-0 | INFO  | PersistBlockTask | Imported empty block #2,140 / 0 tx / 0 om / 0 (0.0%) gas / (0x22957d155a2742ecd35b0989c0fde24a0d67e5018dbd8bf1a44a8c85b64fd606) in 0.005s. Peers: 7
2026-01-29 08:49:41.019-0500 | EthScheduler-Workers-0 | INFO  | PersistBlockTask | Imported empty block #2,141 / 0 tx / 0 om / 0 (0.0%) gas / (0xd9f55ce9e63dab62ce7781c9eb7bc2e584447258f0ff16880d133c0ed110d210) in 0.003s. Peers: 7
2026-01-29 08:49:46.013-0500 | EthScheduler-Workers-0 | INFO  | PersistBlockTask | Imported empty block #2,142 / 0 tx / 0 om / 0 (0.0%) gas / (0xc5b1634b0b58db7683fbe8a842f12339635f647b25febcf158b9ae3745d9f0ac) in 0.002s. Peers: 7
2026-01-29 08:49:51.030-0500 | EthScheduler-Workers-0 | INFO  | PersistBlockTask | Imported empty block #2,143 / 0 tx / 0 om / 0 (0.0%) gas / (0x4fbdca6a0f8d51377111f1254fae849a65aa7bcbafcb04c915bb390f4686a5db) in 0.004s. Peers: 7
2026-01-29 08:49:56.021-0500 | EthScheduler-Workers-0 | INFO  | PersistBlockTask | Imported empty block #2,144 / 0 tx / 0 om / 0 (0.0%) gas / (0x7ce947fbc4a8344b530fff28b21dbc79414287dfd3f947db269be9acf7a4597f) in 0.004s. Peers: 7
2026-01-29 08:50:01.016-0500 | EthScheduler-Workers-0 | INFO  | PersistBlockTask | Imported empty block #2,145 / 0 tx / 0 om / 0 (0.0%) gas / (0x53202bd947d2a46c373dd9cb724cf2e857aa66c26d717f06f27da15e734f6c40) in 0.003s. Peers: 7
2026-01-29 08:50:06.062-0500 | EthScheduler-Workers-0 | INFO  | PersistBlockTask | Imported empty block #2,146 / 0 tx / 0 om / 0 (0.0%) gas / (0xab01ccd0a2d41ddbaf2f0c3911fa313df8abb315581322fc3250b276ab9e2e16) in 0.002s. Peers: 7
2026-01-29 08:50:11.013-0500 | EthScheduler-Workers-0 | INFO  | PersistBlockTask | Imported empty block #2,147 / 0 tx / 0 om / 0 (0.0%) gas / (0x0056cc993ffe42c0d19a96b3264e741b9066c9453cc7a12e36614f178332a74c) in 0.002s. Peers: 7
2026-01-29 08:50:16.026-0500 | EthScheduler-Workers-0 | INFO  | PersistBlockTask | Imported empty block #2,148 / 0 tx / 0 om / 0 (0.0%) gas / (0x4965c5f8f9cf2012ff9c3494a89e6d48286cbda1b4ee32777ebf2161ccce12f8) in 0.003s. Peers: 7
2026-01-29 08:50:21.014-0500 | EthScheduler-Workers-0 | INFO  | PersistBlockTask | Imported empty block #2,149 / 0 tx / 0 om / 0 (0.0%) gas / (0x243cff0b5f0d2a0355ccbdf99f82be303d6ce7e953ca708cab3d79ce581253aa) in 0.002s. Peers: 7
2026-01-29 08:50:26.022-0500 | EthScheduler-Workers-0 | INFO  | PersistBlockTask | Imported empty block #2,150 / 0 tx / 0 om / 0 (0.0%) gas / (0x1cd525e10b2f8515152a39576af748a19a3f69ce437f0dddd3e34b3a12d10e18) in 0.002s. Peers: 7
2026-01-29 08:50:31.017-0500 | EthScheduler-Workers-0 | INFO  | PersistBlockTask | Imported empty block #2,151 / 0 tx / 0 om / 0 (0.0%) gas / (0x06c0e5c6dd113ac6dc5501bf4de4b4489655e05495d5713a4f5a3b4a8a8cf060) in 0.003s. Peers: 7
2026-01-29 08:50:36.061-0500 | EthScheduler-Workers-0 | INFO  | PersistBlockTask | Imported empty block #2,152 / 0 tx / 0 om / 0 (0.0%) gas / (0xf7f353599b84e4c00dcd5c382b750f7c6c77799e3b3d04d04137447df2a727df) in 0.002s. Peers: 7
2026-01-29 08:50:41.016-0500 | EthScheduler-Workers-0 | INFO  | PersistBlockTask | Imported empty block #2,153 / 0 tx / 0 om / 0 (0.0%) gas / (0x2a349c68eef35f7e722d2d702e187381ac2561347edbaf23b00510d08eb60480) in 0.002s. Peers: 7
2026-01-29 08:50:46.017-0500 | EthScheduler-Workers-0 | INFO  | PersistBlockTask | Imported empty block #2,154 / 0 tx / 0 om / 0 (0.0%) gas / (0xa1b4b91bf5f1cd329fc87d25a3112ffec17240ebbea733bfb165744043d9cc56) in 0.003s. Peers: 7
2026-01-29 08:50:51.028-0500 | EthScheduler-Workers-0 | INFO  | PersistBlockTask | Imported empty block #2,155 / 0 tx / 0 om / 0 (0.0%) gas / (0xa9e6bc152cd54e59d107b09dfbd034b8b162c37e4c9ed87674df5ac0ea0b8a14) in 0.004s. Peers: 7
2026-01-29 08:50:56.045-0500 | EthScheduler-Workers-0 | INFO  | PersistBlockTask | Imported empty block #2,156 / 0 tx / 0 om / 0 (0.0%) gas / (0xa0b6201407651dbcdbc8c3cbfcab86194969062f1f084c320a3512e7c8b7a8d5) in 0.006s. Peers: 7
2026-01-29 08:51:01.024-0500 | EthScheduler-Workers-0 | INFO  | PersistBlockTask | Imported empty block #2,157 / 0 tx / 0 om / 0 (0.0%) gas / (0x4ec815c6041085cc1304b0a38d93634eda570fb221ad7f28e201ca5a9dc13b5e) in 0.002s. Peers: 7
2026-01-29 08:51:06.077-0500 | EthScheduler-Workers-0 | INFO  | PersistBlockTask | Imported empty block #2,158 / 0 tx / 0 om / 0 (0.0%) gas / (0xcf97a2cb9b343daeaca83d6fea585468f2fc7bc73827fbc87e5794314aae004d) in 0.002s. Peers: 7
2026-01-29 08:51:11.013-0500 | EthScheduler-Workers-0 | INFO  | PersistBlockTask | Imported empty block #2,159 / 0 tx / 0 om / 0 (0.0%) gas / (0x675a7ab3c6669ed97e6e2a9012468636641582f3850c5531de41ef97ed79d7fe) in 0.002s. Peers: 7
2026-01-29 08:51:16.017-0500 | EthScheduler-Workers-0 | INFO  | PersistBlockTask | Imported empty block #2,160 / 0 tx / 0 om / 0 (0.0%) gas / (0xc970b01c82b9be1d25cd3b4cda444833e1b10269ebb437d70b433eb1093bfa91) in 0.002s. Peers: 7
2026-01-29 08:51:21.035-0500 | EthScheduler-Workers-0 | INFO  | PersistBlockTask | Imported empty block #2,161 / 0 tx / 0 om / 0 (0.0%) gas / (0x89bc30bc8560f50c9a8b13991a751fad139d74a30fa3bfad481c672a9e04f05c) in 0.010s. Peers: 7
2026-01-29 08:51:26.025-0500 | EthScheduler-Workers-0 | INFO  | PersistBlockTask | Imported empty block #2,162 / 0 tx / 0 om / 0 (0.0%) gas / (0x3a4bc7acf3ea262aeab530383ed29d6680d7052aeca5b829a049de956f9e741b) in 0.007s. Peers: 7
2026-01-29 08:51:31.019-0500 | EthScheduler-Workers-0 | INFO  | PersistBlockTask | Imported empty block #2,163 / 0 tx / 0 om / 0 (0.0%) gas / (0xfe00b561f67a6449684057fc56225621511094666cf2053cb884800c633996ec) in 0.005s. Peers: 7
2026-01-29 08:51:36.103-0500 | EthScheduler-Workers-0 | INFO  | PersistBlockTask | Imported empty block #2,164 / 0 tx / 0 om / 0 (0.0%) gas / (0x7ebebd0d6342446dc56bfc20b2918afee535401ff137f0e7a80ff42df31b40fa) in 0.003s. Peers: 7
2026-01-29 08:51:41.019-0500 | EthScheduler-Workers-0 | INFO  | PersistBlockTask | Imported empty block #2,165 / 0 tx / 0 om / 0 (0.0%) gas / (0xbace6093fb265e2949b7e9a5a2c388fd8a8fe4280fcd4262722ac601cfedbe97) in 0.003s. Peers: 7
2026-01-29 08:51:46.044-0500 | EthScheduler-Workers-0 | INFO  | PersistBlockTask | Imported empty block #2,166 / 0 tx / 0 om / 0 (0.0%) gas / (0x776b224aff100b98b4a4c354c62b75b5617d928850ea52a21857e3cdf5b4b667) in 0.012s. Peers: 7
2026-01-29 08:51:51.014-0500 | EthScheduler-Workers-0 | INFO  | PersistBlockTask | Imported empty block #2,167 / 0 tx / 0 om / 0 (0.0%) gas / (0xd8110b2a465de201fa3676fd213aed3a830d6d01b5adfcd7288e1a2fd40685db) in 0.002s. Peers: 7
2026-01-29 08:51:56.015-0500 | EthScheduler-Workers-0 | INFO  | PersistBlockTask | Imported empty block #2,168 / 0 tx / 0 om / 0 (0.0%) gas / (0x5766933d424b28d83f914dfab3ce4201390c34b2bc724e92bacbd77aca9cdeeb) in 0.003s. Peers: 7
2026-01-29 08:52:01.018-0500 | EthScheduler-Workers-0 | INFO  | PersistBlockTask | Imported empty block #2,169 / 0 tx / 0 om / 0 (0.0%) gas / (0xec660ed46ac1237178657693a09fefb6b3d71413382a18a4bcf8c123636a656b) in 0.002s. Peers: 7
2026-01-29 08:52:06.076-0500 | EthScheduler-Workers-0 | INFO  | PersistBlockTask | Imported empty block #2,170 / 0 tx / 0 om / 0 (0.0%) gas / (0x29f88951c1fbc7c413112b0dae02fb16f1cd593dc7601063ed5a46600c40fcc1) in 0.004s. Peers: 7
2026-01-29 08:52:11.028-0500 | EthScheduler-Workers-0 | INFO  | PersistBlockTask | Imported empty block #2,171 / 0 tx / 0 om / 0 (0.0%) gas / (0x11bd33e2d875272f33e556372de55fa53973e8bfe57e2233694e5550f603279d) in 0.003s. Peers: 7
2026-01-29 08:52:16.017-0500 | EthScheduler-Workers-0 | INFO  | PersistBlockTask | Imported empty block #2,172 / 0 tx / 0 om / 0 (0.0%) gas / (0xf9e864d2f3bf4cb9b4400a9352a16d60861bc66d67af42870d103efcc53ebffc) in 0.002s. Peers: 7
2026-01-29 08:52:21.013-0500 | EthScheduler-Workers-0 | INFO  | PersistBlockTask | Imported empty block #2,173 / 0 tx / 0 om / 0 (0.0%) gas / (0x0389f3285bce810d4e36d8c98ca7557722a277f1f465b543a52785ac03e43f1e) in 0.002s. Peers: 7
2026-01-29 08:52:26.021-0500 | EthScheduler-Workers-0 | INFO  | PersistBlockTask | Imported empty block #2,174 / 0 tx / 0 om / 0 (0.0%) gas / (0x2a13ae88f5d4f9c156da2d879b608acf9d593827a1d92bdd9d8821bfffa48e90) in 0.004s. Peers: 7
2026-01-29 08:52:31.018-0500 | EthScheduler-Workers-0 | INFO  | PersistBlockTask | Imported empty block #2,175 / 0 tx / 0 om / 0 (0.0%) gas / (0xfc3389ef8995a29075d4066c0eb975ff354d8babfeba0ca45421e6dd1001e8b7) in 0.002s. Peers: 7
2026-01-29 08:52:36.063-0500 | EthScheduler-Workers-0 | INFO  | PersistBlockTask | Imported empty block #2,176 / 0 tx / 0 om / 0 (0.0%) gas / (0x487e513f875ab03e2a406ee83daac86059fed0600575739d320feabccbd50de7) in 0.005s. Peers: 7
2026-01-29 08:52:41.023-0500 | EthScheduler-Workers-0 | INFO  | PersistBlockTask | Imported empty block #2,177 / 0 tx / 0 om / 0 (0.0%) gas / (0xadbd93b4eff0f336b3b53fbd585176d38f8ed22cdedba45dba570ff0ba0b6d03) in 0.002s. Peers: 7
2026-01-29 08:52:46.028-0500 | EthScheduler-Workers-0 | INFO  | PersistBlockTask | Imported empty block #2,178 / 0 tx / 0 om / 0 (0.0%) gas / (0x8051c19f33d373b5620096e67f3df5aee8767c60cfbf4d5db07c708df9454170) in 0.005s. Peers: 7
2026-01-29 08:52:51.031-0500 | EthScheduler-Workers-0 | INFO  | PersistBlockTask | Imported empty block #2,179 / 0 tx / 0 om / 0 (0.0%) gas / (0xf6d7af321ffb83138b6f06c3497189ab6c86e0d439a9a8f71915a16bd6a7be0b) in 0.007s. Peers: 7
2026-01-29 08:52:56.013-0500 | EthScheduler-Workers-0 | INFO  | PersistBlockTask | Imported empty block #2,180 / 0 tx / 0 om / 0 (0.0%) gas / (0x2d6acac3f14140b8e670457955af82928825714cb851f6db27987160c6e7aed1) in 0.002s. Peers: 7
2026-01-29 08:53:01.017-0500 | EthScheduler-Workers-0 | INFO  | PersistBlockTask | Imported empty block #2,181 / 0 tx / 0 om / 0 (0.0%) gas / (0x3e9912762d8d32a04d756732574c5cfd38a6a73919994ac2e71928613c6dacbb) in 0.002s. Peers: 7
2026-01-29 08:53:06.059-0500 | EthScheduler-Workers-0 | INFO  | PersistBlockTask | Imported empty block #2,182 / 0 tx / 0 om / 0 (0.0%) gas / (0x7e2443a60c22ef758cd2d73e01cc672a0289575763ec570c9c1ce4f770159f4c) in 0.006s. Peers: 7
2026-01-29 08:53:11.049-0500 | EthScheduler-Workers-0 | INFO  | PersistBlockTask | Imported empty block #2,183 / 0 tx / 0 om / 0 (0.0%) gas / (0x9ef0834f516e66a5fc72b83a53175bfa7cf3121d8914f4c36758bf3490933a86) in 0.006s. Peers: 7
2026-01-29 08:53:16.025-0500 | EthScheduler-Workers-0 | INFO  | PersistBlockTask | Imported empty block #2,184 / 0 tx / 0 om / 0 (0.0%) gas / (0x4a02d7f494ef23af13dd56d85afc39e6e835ba981af92f510340270daf7c2f7c) in 0.004s. Peers: 7
2026-01-29 08:53:21.024-0500 | EthScheduler-Workers-0 | INFO  | PersistBlockTask | Imported empty block #2,185 / 0 tx / 0 om / 0 (0.0%) gas / (0x101a22001174bfd12dfcc7a960fce4e99b8648c62ac1515401847f5922f79eac) in 0.003s. Peers: 7
2026-01-29 08:53:26.026-0500 | EthScheduler-Workers-0 | INFO  | PersistBlockTask | Imported empty block #2,186 / 0 tx / 0 om / 0 (0.0%) gas / (0x2377c9116dacc8bd051167a555bf38656b69d6fbfb8838198b2c406fc31efcda) in 0.005s. Peers: 7
2026-01-29 08:53:31.022-0500 | EthScheduler-Workers-0 | INFO  | PersistBlockTask | Imported empty block #2,187 / 0 tx / 0 om / 0 (0.0%) gas / (0x1e72401f4128d3e629a875a7c043713cc52ae73fc32cd785db02fe040a254326) in 0.004s. Peers: 7
2026-01-29 08:53:36.054-0500 | EthScheduler-Workers-0 | INFO  | PersistBlockTask | Imported empty block #2,188 / 0 tx / 0 om / 0 (0.0%) gas / (0x451f2bf50c9d73856aac0feb457038ae7300f1c19db781fd414b693cb325af19) in 0.002s. Peers: 7
2026-01-29 08:53:41.022-0500 | EthScheduler-Workers-0 | INFO  | PersistBlockTask | Imported empty block #2,189 / 0 tx / 0 om / 0 (0.0%) gas / (0x00906110c97aa8016b63cebaf65b800d795a318bd6ad2693c8f26a1a861acb3f) in 0.006s. Peers: 7
2026-01-29 08:53:46.030-0500 | EthScheduler-Workers-0 | INFO  | PersistBlockTask | Imported empty block #2,190 / 0 tx / 0 om / 0 (0.0%) gas / (0x87834fde93e0cc8d0896fee0f9d501549000aa405603100632d54e19a3da14a3) in 0.006s. Peers: 7
2026-01-29 08:53:51.034-0500 | EthScheduler-Workers-0 | INFO  | PersistBlockTask | Imported empty block #2,191 / 0 tx / 0 om / 0 (0.0%) gas / (0x3f44cbc29c5e1dd5c0eaba65212510b36602c34bfbd2019d77df1a1224f5506a) in 0.007s. Peers: 7
2026-01-29 08:53:56.056-0500 | EthScheduler-Workers-0 | INFO  | PersistBlockTask | Imported empty block #2,192 / 0 tx / 0 om / 0 (0.0%) gas / (0x36575d7779d4261d764159874e94750fe166090b946c3ed7f48228028d088928) in 0.012s. Peers: 7
2026-01-29 08:54:01.032-0500 | EthScheduler-Workers-0 | INFO  | PersistBlockTask | Imported empty block #2,193 / 0 tx / 0 om / 0 (0.0%) gas / (0xfa31d85e40f38b58002a957abcb3f6af8d29965cd5afcb06279e0370f0e8f54b) in 0.007s. Peers: 7
2026-01-29 08:54:06.078-0500 | EthScheduler-Workers-0 | INFO  | PersistBlockTask | Imported empty block #2,194 / 0 tx / 0 om / 0 (0.0%) gas / (0x70e29778514b3edb499cd45140876d0d9cb7390e66ec29702946bab00a6f14d4) in 0.004s. Peers: 7
2026-01-29 08:54:11.014-0500 | EthScheduler-Workers-0 | INFO  | PersistBlockTask | Imported empty block #2,195 / 0 tx / 0 om / 0 (0.0%) gas / (0xe670225ecf7b69ba2cb4b75a72e21cb40265d260181d09548bb09425bb2ba48a) in 0.002s. Peers: 7
2026-01-29 08:54:16.045-0500 | EthScheduler-Workers-0 | INFO  | PersistBlockTask | Imported empty block #2,196 / 0 tx / 0 om / 0 (0.0%) gas / (0x4dfb6c996896458ce830f24c24852f4a5f38ccb7b3508289931cd89f41dedc7a) in 0.006s. Peers: 7
2026-01-29 08:54:21.039-0500 | EthScheduler-Workers-0 | INFO  | PersistBlockTask | Imported empty block #2,197 / 0 tx / 0 om / 0 (0.0%) gas / (0x87bbc7e46588f22faad8419bd3f53ee0a374eab957395a408618f39dc7440925) in 0.008s. Peers: 7
2026-01-29 08:54:26.016-0500 | EthScheduler-Workers-0 | INFO  | PersistBlockTask | Imported empty block #2,198 / 0 tx / 0 om / 0 (0.0%) gas / (0x42ee6faa7f14ec777c629c865a1e5ecc4691d31ad4b37ce8bad0f68849acecaa) in 0.003s. Peers: 7
2026-01-29 08:54:31.027-0500 | EthScheduler-Workers-0 | INFO  | PersistBlockTask | Imported empty block #2,199 / 0 tx / 0 om / 0 (0.0%) gas / (0xbb286233096149422277f5d43b41fb284ea6273bc5bb3df83f18abd5fcfb5a0c) in 0.002s. Peers: 7
2026-01-29 08:54:36.049-0500 | EthScheduler-Workers-0 | INFO  | PersistBlockTask | Imported empty block #2,200 / 0 tx / 0 om / 0 (0.0%) gas / (0x73c38cefb3577e7fe27b1660620d91f5e522164f1ef75ad59f24d3fb0864c0f5) in 0.002s. Peers: 7
2026-01-29 08:54:41.044-0500 | EthScheduler-Workers-0 | INFO  | PersistBlockTask | Imported empty block #2,201 / 0 tx / 0 om / 0 (0.0%) gas / (0x2099b352a2a69cf9bdd38aa0a67d04f98859325b83f2be035a4314c6530cfcfb) in 0.014s. Peers: 7
2026-01-29 08:54:46.014-0500 | EthScheduler-Workers-0 | INFO  | PersistBlockTask | Imported empty block #2,202 / 0 tx / 0 om / 0 (0.0%) gas / (0x88f879f01ce41bc603033bf26cc4ac6649b1a8445c7d5ba60062e3b8241fdcad) in 0.002s. Peers: 7
2026-01-29 08:54:51.027-0500 | EthScheduler-Workers-0 | INFO  | PersistBlockTask | Imported empty block #2,203 / 0 tx / 0 om / 0 (0.0%) gas / (0x33c1dc39fc0b008792238cf174df771cc2e8cb04f74a49f1c6b16af591261107) in 0.006s. Peers: 7
2026-01-29 08:54:56.015-0500 | EthScheduler-Workers-0 | INFO  | PersistBlockTask | Imported empty block #2,204 / 0 tx / 0 om / 0 (0.0%) gas / (0xc8d966e38f9f4c79f6b6d7af1dbe5a2d16ceb1e203fffa7556cd3ae2c9433a1a) in 0.004s. Peers: 7
2026-01-29 08:55:01.015-0500 | EthScheduler-Workers-0 | INFO  | PersistBlockTask | Imported empty block #2,205 / 0 tx / 0 om / 0 (0.0%) gas / (0x253ad8fac5bc5d715781e1a536b355a8750d0f97c4d377bc38d119ea973f6bb7) in 0.003s. Peers: 7
2026-01-29 08:55:06.069-0500 | EthScheduler-Workers-0 | INFO  | PersistBlockTask | Imported empty block #2,206 / 0 tx / 0 om / 0 (0.0%) gas / (0x1dc7d4745b828cdd2ac89d7ab9958c29f3c8c1dc6410c0f4c05cc7ef7fbec1a9) in 0.003s. Peers: 7
2026-01-29 08:55:11.019-0500 | EthScheduler-Workers-0 | INFO  | PersistBlockTask | Imported empty block #2,207 / 0 tx / 0 om / 0 (0.0%) gas / (0xd5d34107ab8bf5fe110df3634d48907cf5bc6b51e650593191a190b6047892bc) in 0.003s. Peers: 7
2026-01-29 08:55:16.025-0500 | EthScheduler-Workers-0 | INFO  | PersistBlockTask | Imported empty block #2,208 / 0 tx / 0 om / 0 (0.0%) gas / (0x52331278555e5a197e81a39c72726cf61029694e794dbcf9c7e68021dfcbe4f7) in 0.006s. Peers: 7
2026-01-29 08:55:21.014-0500 | EthScheduler-Workers-0 | INFO  | PersistBlockTask | Imported empty block #2,209 / 0 tx / 0 om / 0 (0.0%) gas / (0xb7ad224eb4e5b000ffd2e8d8dd179c5b2fe9e089955debb5605e4c68cd70ee06) in 0.002s. Peers: 7
2026-01-29 08:55:26.048-0500 | EthScheduler-Workers-0 | INFO  | PersistBlockTask | Imported empty block #2,210 / 0 tx / 0 om / 0 (0.0%) gas / (0xa69f9052474f4a0c407b5febca38ad0e7578f94acf0854514f2c7473ad04c9c2) in 0.008s. Peers: 7
2026-01-29 08:55:31.044-0500 | EthScheduler-Workers-0 | INFO  | PersistBlockTask | Imported empty block #2,211 / 0 tx / 0 om / 0 (0.0%) gas / (0x10b64c389c51f7250ec9cc0bf02d711da7641130daa466f1ad3309d45d650391) in 0.009s. Peers: 7
2026-01-29 08:55:36.067-0500 | EthScheduler-Workers-0 | INFO  | PersistBlockTask | Imported empty block #2,212 / 0 tx / 0 om / 0 (0.0%) gas / (0x0b7045c4d8e685761bd9a63b016f01dc240e0f927243e5699a3e56afbd291a85) in 0.004s. Peers: 7
2026-01-29 08:55:41.022-0500 | EthScheduler-Workers-0 | INFO  | PersistBlockTask | Imported empty block #2,213 / 0 tx / 0 om / 0 (0.0%) gas / (0x0d2b472f45934b0e8adaa664db1093b1484940a9df7df863c37552382aa56d08) in 0.005s. Peers: 7
2026-01-29 08:55:46.013-0500 | EthScheduler-Workers-0 | INFO  | PersistBlockTask | Imported empty block #2,214 / 0 tx / 0 om / 0 (0.0%) gas / (0x51750d283f058273095ed81d5b67d5acdba7ef064e717118b5b3527628547cfc) in 0.002s. Peers: 7
